hardware_name,unified_manufacturer,type,performance_tier,fp32_tflops,unified_tdp,process_nm,tops_per_watt_fp32,tops_per_watt_int8
Biren BR100,Biren,GPGPU,Enterprise,256.0,550.0,7.0,0.4654545454545454,3.723636363636364
Instinct MI300X,AMD,GPU,Enterprise,163.4,750.0,5.0,0.2178666666666666,3.486533333333333
Instinct MI325X,AMD,GPU,Enterprise,163.4,1000.0,5.0,0.1634,2.6
Instinct MI300A,AMD,GPU,Enterprise,122.6,760.0,5.0,0.1613157894736842,2.5805263157894736
Huawei Ascend 910B,Huawei,GPU,Enterprise,94.0,400.0,7.0,0.235,0.0
L40,NVIDIA,GPU,Enterprise,90.52,300.0,0.0,0.3017333333333333,1.2066666666666668
GB200 NVL2,NVIDIA,GPU,Enterprise,90.0,1200.0,0.0,0.075,4.166666666666667
GB300,NVIDIA,GPU,Enterprise,83.333333333333,1750.0,0.0,0.0476190476190474,0.0
RTX 4090,NVIDIA,GPU,Enterprise,82.6,450.0,0.0,0.1835555555555555,1.468
H100 SXM5 80GB,NVIDIA,GPU,Enterprise,66.91,700.0,5.0,0.0955857142857142,2.827142857142857
H200 SXM,NVIDIA,GPU,Enterprise,66.91,700.0,5.0,0.0955857142857142,2.827142857142857
GH100,NVIDIA,GPU,Enterprise,66.91,700.0,0.0,0.0955857142857142,2.827142857142857
GH200,NVIDIA,GPU,Enterprise,66.91,700.0,5.0,0.0955857142857142,2.827142857142857
B200,NVIDIA,GPU,Enterprise,62.08,1000.0,0.0,0.0620799999999999,4.5
RX 7900 XTX,AMD,GPU,Enterprise,61.42,335.0,0.0,0.1833432835820895,0.0
L20 PCle,NVIDIA,GPU,Enterprise,59.35,275.0,5.0,0.2158181818181818,0.8690909090909091
H800 SXM5,NVIDIA,GPU,Enterprise,59.3,700.0,5.0,0.0847142857142857,2.827142857142857
Data Center GPU Max 1550,Intel,GPU,Enterprise,52.43,600.0,10.0,0.0873833333333333,0.0
H100 PCIe,NVIDIA,GPU,Enterprise,51.22,350.0,4.0,0.1463428571428571,0.0
RTX 4080,NVIDIA,GPU,High-Performance,48.74,320.0,0.0,0.1523125,1.21875
Radeon Instinct MI250X,AMD,GPU,High-Performance,47.87,500.0,6.0,0.0957399999999999,0.766
Radeon Instinct MI300,AMD,GPU,High-Performance,47.87,600.0,5.0,0.0797833333333333,0.0
Data Center GPU Max 1350,Intel,GPU,High-Performance,44.44,450.0,10.0,0.0987555555555555,0.0
HGX H20,NVIDIA,GPU,High-Performance,44.0,400.0,0.0,0.11,0.74
RTX 3090 Ti,NVIDIA,GPU,High-Performance,40.0,450.0,8.0,0.0888888888888888,0.7111111111111111
RTX A6000,NVIDIA,GPU,High-Performance,38.7,300.0,8.0,0.129,0.0
A40 PCIe,NVIDIA,GPU,High-Performance,37.42,300.0,8.0,0.1247333333333333,0.9976666666666668
RTX 3090,NVIDIA,GPU,High-Performance,35.58,350.0,8.0,0.1016571428571428,0.8114285714285714
Baidu Kunlun R200-8F (160W),Kunlunxin Baidu,XPU-R,High-Performance,32.0,160.0,7.0,0.2,1.6
Baidu Kunlun RG800,Kunlunxin Baidu,XPU-R,High-Performance,32.0,130.0,0.0,0.2461538461538461,1.9692307692307691
Baidu Kunlun R200 (150W),Kunlunxin Baidu,XPU-R,High-Performance,32.0,150.0,7.0,0.2133333333333333,1.7066666666666668
Tianshu Zhixin Tiangai 100 (BI-V100),Iluvatar CoreX,GPGPU,High-Performance,32.0,250.0,7.0,0.128,1.024
A10G,NVIDIA,GPU,High-Performance,31.5,150.0,8.0,0.21,0.0
A10 PCIe,NVIDIA,GPU,High-Performance,31.24,150.0,8.0,0.2082666666666666,1.6666666666666667
L4,NVIDIA,GPU,High-Performance,30.29,72.0,5.0,0.4206944444444444,3.361111111111111
RTX 3080,NVIDIA,GPU,High-Performance,29.77,320.0,8.0,0.09303125,0.0
RTX 4070,NVIDIA,GPU,High-Performance,29.15,285.0,0.0,0.1022807017543859,0.8175438596491228
RTX A5000,NVIDIA,GPU,High-Performance,27.77,230.0,8.0,0.1207391304347826,0.0
MTT S4000,Moore Threads (Tencent),GPU,High-Performance,25.0,450.0,12.0,0.0555555555555555,0.4444444444444444
Cambricon MLU370-X8,Cambricon,Unknown,High-Performance,24.0,250.0,7.0,0.096,1.024
Cambricon MLU370-X4,Cambricon,Unknown,High-Performance,24.0,150.0,7.0,0.16,1.7066666666666668
Tesla D1 Dojo,Tesla,GPU,High-Performance,22.6,400.0,7.0,0.0565,0.0
Data Center GPU Max 1100,Intel,GPU,High-Performance,22.22,300.0,10.0,0.0740666666666666,0.0
Baidu Kunlun R100 (100W),Kunlunxin Baidu,XPU-R,High-Performance,20.0,100.0,0.0,0.2,1.7
A100,NVIDIA,GPU,Mid-Range,19.5,400.0,7.0,0.04875,1.56
A800 SXM,NVIDIA,GPU,Mid-Range,19.49,400.0,7.0,0.048725,0.0
A800 PCIe 80 GB,NVIDIA,GPU,Mid-Range,19.49,250.0,7.0,0.0779599999999999,0.0
A800 PCIe 40 GB,NVIDIA,GPU,Mid-Range,19.49,250.0,7.0,0.0779599999999999,0.0
A100 SXM4 40 GB,NVIDIA,GPU,Mid-Range,19.49,400.0,7.0,0.048725,1.56
A100 SXM4 80 GB,NVIDIA,GPU,Mid-Range,19.49,400.0,7.0,0.048725,1.56
A100 PCIe,NVIDIA,GPU,Mid-Range,19.49,300.0,7.0,0.0649666666666666,2.08
RTX A4000,NVIDIA,GPU,Mid-Range,19.17,140.0,8.0,0.1369285714285714,0.0
Cambricon MLU370-S4/S8,Cambricon,Unknown,Mid-Range,18.0,75.0,7.0,0.24,2.56
Cambricon MLU370-S4,Cambricon,Unknown,Mid-Range,18.0,75.0,7.0,0.24,2.56
Baidu Kunlun R100 (75W),Kunlunxin Baidu,XPU-R,Mid-Range,18.0,75.0,0.0,0.24,1.7066666666666668
MetaX MXC500 (OAM),MetaX,GPGPU,Mid-Range,18.0,450.0,7.0,0.04,1.2444444444444445
Cambricon MLU370-S8,Cambricon,Unknown,Mid-Range,18.0,75.0,7.0,0.24,2.56
Tesla V100S PCIe 32 GB,NVIDIA,GPU,Mid-Range,16.35,250.0,12.0,0.0654,0.0
Quadro RTX 6000,NVIDIA,GPU,Mid-Range,16.3099999999999,260.0,12.0,0.0627307692307688,0.0
Quadro RTX 8000,NVIDIA,GPU,Mid-Range,16.3,260.0,12.0,0.0626923076923077,0.0
Tesla V100 DGXS 16 GB,NVIDIA,GPU,Mid-Range,16.2,250.0,12.0,0.0648,0.0
Baidu Kunlun K200,Kunlunxin Baidu,XPU,Mid-Range,16.0,150.0,14.0,0.1066666666666666,1.7066666666666668
Baidu Kunlun I,Kunlunxin Baidu,XPU,Mid-Range,16.0,150.0,14.0,0.1066666666666666,1.7066666666666668
Tesla V100 SXM2 16 GB,NVIDIA,GPU,Mid-Range,15.67,300.0,12.0,0.0522333333333333,0.0
Tesla V100 SXM2 32 GB,NVIDIA,GPU,Mid-Range,15.67,300.0,12.0,0.0522333333333333,0.0
Tesla V100 SXM3 32 GB,NVIDIA,GPU,Mid-Range,15.67,300.0,12.0,0.0522333333333333,0.0
V100,NVIDIA,GPU,Mid-Range,15.67,300.0,12.0,0.0522333333333333,0.0
Tesla V100 DGXS 32 GB,NVIDIA,GPU,Mid-Range,15.67,250.0,12.0,0.06268,0.0
Tesla V100 SXM2,NVIDIA,GPU,Mid-Range,15.67,300.0,12.0,0.0522333333333333,0.0
MetaX MXC500 (PCIe),MetaX,GPGPU,Mid-Range,15.0,350.0,7.0,0.0428571428571428,1.3714285714285714
Titan V,NVIDIA,GPU,Mid-Range,14.9,250.0,12.0,0.0596,0.0
Habana Gaudi3,Intel,Unknown,Mid-Range,14.3,900.0,5.0,0.0158888888888888,0.0
Tesla V100 PCIe 32 GB,NVIDIA,GPU,Mid-Range,14.13,250.0,12.0,0.05652,0.0
Tesla V100 PCIe 16 GB,NVIDIA,GPU,Mid-Range,14.13,250.0,12.0,0.05652,0.0
RTX 2080 Ti 11GB,NVIDIA,GPU,Mid-Range,13.45,250.0,12.0,0.0538,0.9108
Quadro P6000,NVIDIA,GPU,Mid-Range,12.63,250.0,16.0,0.05052,0.0
Titan Xp,NVIDIA,GPU,Mid-Range,12.15,250.0,16.0,0.0486,0.0
P40,NVIDIA,GPU,Mid-Range,11.76,250.0,0.0,0.04704,0.0
GTX 1080 Ti,NVIDIA,GPU,Mid-Range,11.34,250.0,16.0,0.04536,0.0
Quadro RTX 5000,NVIDIA,GPU,Mid-Range,11.15,230.0,12.0,0.0484782608695652,0.0
Tesla P100 DGXS,NVIDIA,GPU,Mid-Range,10.61,300.0,16.0,0.0353666666666666,0.0
Tesla P100 SXM2,NVIDIA,GPU,Mid-Range,10.61,300.0,16.0,0.0353666666666666,0.0
TESLA M60,NVIDIA,GPU,Entry-Level,9.65,300.0,28.0,0.0321666666666666,0.0
P100 PCIe 16GB,NVIDIA,GPU,Entry-Level,9.56,250.0,16.0,0.03824,0.0
Tesla P100 PCIe 16GB,NVIDIA,GPU,Entry-Level,9.526,250.0,16.0,0.038104,0.0
Tesla P100 PCIe 12GB,NVIDIA,GPU,Entry-Level,9.526,250.0,16.0,0.038104,0.0
P100,NVIDIA,GPU,Entry-Level,9.3,250.0,16.0,0.0372,0.0
Quadro P5000,NVIDIA,GPU,Entry-Level,8.873,180.0,16.0,0.0492944444444444,0.0
GTX 1080,NVIDIA,GPU,Entry-Level,8.873,180.0,16.0,0.0492944444444444,0.0
PEZY-SC2,PEZY,Unknown,Entry-Level,8.192,180.0,16.0,0.0455111111111111,0.0
Tesla T4,NVIDIA,GPU,Entry-Level,8.141,70.0,12.0,0.1163,0.0
Tesla K80,NVIDIA,GPU,Entry-Level,8.126,300.0,28.0,0.0270866666666666,0.0
Quadro RTX 4000,NVIDIA,GPU,Entry-Level,7.119,160.0,12.0,0.04449375,0.0
M40,NVIDIA,GPU,Entry-Level,6.832,250.0,0.0,0.0273279999999999,0.0
GTX Titan X,NVIDIA,GPU,Entry-Level,6.691,250.0,28.0,0.026764,0.0
Tesla P4,NVIDIA,GPU,Entry-Level,5.704,75.0,16.0,0.0760533333333333,0.2933333333333333
GTX Titan Black,NVIDIA,GPU,Entry-Level,5.645,250.0,0.0,0.02258,0.0
Quadro P4000,NVIDIA,GPU,Entry-Level,5.304,105.0,16.0,0.0505142857142857,0.0
Quadro K6000,NVIDIA,GPU,Entry-Level,5.196,225.0,28.0,0.0230933333333333,0.0
Tesla K40s,NVIDIA,GPU,Entry-Level,5.046,245.0,28.0,0.0205959183673469,0.0
Tesla K40t,NVIDIA,GPU,Entry-Level,5.046,245.0,28.0,0.0205959183673469,0.0
GTX 980,NVIDIA,GPU,Legacy,4.981,165.0,28.0,0.0301878787878787,0.0
MT-2000,National University of Defense Technology,Unknown,Legacy,4.92,240.0,0.0,0.0205,0.0
GTX Titan,NVIDIA,GPU,Legacy,4.709,250.0,28.0,0.018836,0.0
GTX 780,NVIDIA,GPU,Legacy,4.156,250.0,28.0,0.016624,0.0
Tesla K20X,NVIDIA,GPU,Legacy,3.935,235.0,28.0,0.0167446808510638,0.0
Tesla K20c,NVIDIA,GPU,Legacy,3.52,225.0,28.0,0.0156444444444444,0.0
Google TPU v2,Google,TPU,Legacy,3.0,280.0,16.0,0.0107142857142857,0.0
Meta MTIA v2,Meta,Other,Legacy,2.76,90.0,5.0,0.0306666666666666,3.933333333333333
Quadro M4000,NVIDIA,GPU,Legacy,2.573,120.0,28.0,0.0214416666666666,0.0
Meta MTIA v1,Meta,Other,Legacy,1.6,25.0,7.0,0.064,4.096
GTX 580,NVIDIA,GPU,Legacy,1.581,244.0,40.0,0.0064795081967213,0.0
Quadro K4000,NVIDIA,GPU,Legacy,1.244,80.0,28.0,0.01555,0.0
Quadro P600,NVIDIA,GPU,Legacy,1.196,40.0,14.0,0.0299,0.0
Quadro K1200,NVIDIA,GPU,Legacy,1.151,45.0,28.0,0.0255777777777777,0.0
Tesla C2050,NVIDIA,GPU,Legacy,1.028,238.0,40.0,0.0043193277310924,0.0
GTX 280,NVIDIA,GPU,Legacy,0.6221,236.0,65.0,0.0026360169491525,0.0
