Hardware name,Manufacturer,Type,Release date,Release price (USD),FP64 (double precision) performance (FLOP/s),FP32 (single precision) performance (FLOP/s),FP16 (half precision) performance (FLOP/s),TF32 (TensorFloat-32) performance (FLOP/s),Tensor-FP16/BF16 performance (FLOP/s),INT16 performance (OP/s),INT8 performance (OP/s),INT4 performance (OP/s),Memory size per board (Byte),Memory bandwidth (byte/s),Intranode bandwidth (byte/s),Internode bandwidth (bit/s),Die Size (mm^2),TDP (W),Base clock (MHz),Boost clock (MHz),Memory clock (MHz),Memory bus (bit),Tensor cores,Process size (nm),Foundry,Number of transistors (millions),Link to datasheet,Source for the price,ML models,Last modified
Google TPU v7 Ironwood,Google,TPU,2025-04-09,,,,,,,,,,192000000000.0,7370000000000.0,,,,980.0,,,,,,,,,https://blog.google/products/google-cloud/ironwood-tpu-age-of-inference/,,,2025-05-27 19:05:39+00:00
Amazon Trainium2,Amazon AWS,GPU,2024-12-03,,,,,,667000000000000.0,,,,96000000000.0,2900000000000.0,,,,500.0,,,,,,,,,https://semianalysis.com/2024/12/03/amazons-ai-self-sufficiency-trainium2-architecture-networking/,,,2025-05-09 07:44:29+00:00
NVIDIA H200 SXM,NVIDIA,GPU,2024-11-18,,33450000000000.0,66910000000000.0,,494500000000000.0,989500000000000.0,,1979000000000000.0,,,4800000000000.0,,,,700.0,,,,,,5.0,TSMC,,https://nvdam.widen.net/s/nb5zzzsjdf/hpc-datasheet-sc23-h200-datasheet-3002446,,"SEA-LION V3 Llama3.1 8B,SEA-LION V3 Llama3.1 70B",2025-05-09 06:41:13+00:00
Huawei Ascend 910C,Huawei,GPU,2024-10-15,,,,800000000000000.0,,,,,,,3200000000000.0,,,,310.0,,,,,,7.0,"SMIC,TSMC",,"https://www.trendforce.com/news/2025/03/13/news-huaweis-ascend-910c-takes-on-nvidia-as-chinas-ai-race-heats-up-more-alleged-details/

energy source: https://www.unite.ai/huaweis-ascend-910c-a-bold-challenge-to-nvidia-in-the-ai-chip-market/",,,2025-05-09 10:07:37+00:00
AMD Instinct MI325X,AMD,GPU,2024-10-10,,81700000000000.0,163400000000000.0,1300000000000000.0,653700000000000.0,,,2600000000000000.0,,256000000000.0,6000000000000.0,,,,1000.0,2100.0,,1000.0,,,5.0,TSMC,153000.0,https://www.amd.com/en/products/accelerators/instinct/mi300/mi325x.html,,,2025-05-07 14:20:18+00:00
Intel Habana Gaudi3,Intel,,2024-09-24,,,14300000000000.0,28700000000000.0,459000000000000.0,1678000000000000.0,,,,128000000000.0,3700000000000.0,,,,900.0,,,,,64.0,5.0,TSMC,,https://perma.cc/83JH-F3M4,,,2025-05-27 20:13:47+00:00
Maia 100 (M100),Microsoft,GPU,2024-08-27,,,,,,800000000000000.0,,,,,,,,820.0,500.0,,,,,,5.0,TSMC,,"https://www.techpowerup.com/326105/microsoft-unveils-new-details-on-maia-100-its-first-custom-ai-chip

https://techcommunity.microsoft.com/blog/azureinfrastructureblog/inside-maia-100-revolutionizing-ai-workloads-with-microsofts-custom-ai-accelerat/4229118",,,2025-05-09 20:16:08+00:00
NVIDIA GB200 NVL2,NVIDIA,GPU,2024-06-02,,45000000000000.0,90000000000000.0,,1250000000000000.0,2500000000000000.0,,5000000000000000.0,,384000000000.0,16000000000000.0,,,,1200.0,,,,,,,TSMC,,"https://www.nvidia.com/en-us/data-center/gb200-nvl2/#specs
https://drive.google.com/file/d/1Wc9tdHdy3UthQ6ttW98RgrdUx8Vva5tU/view",,,2025-05-16 16:07:01+00:00
Google TPU v6e Trillium,Google,TPU,2024-05-14,,,,,,918000000000000.0,,1836000000000000.0,,32000000000.0,1640000000000.0,448000000000,,,,,,,,,,,,https://cloud.google.com/tpu/docs/v6e,,Gemini 2.0 Flash,2025-04-09 18:13:55+00:00
Meta MTIA v2,Meta,Other,2024-04-10,,,2760000000000.0,,,5530000000000.0,,354000000000000.0,,256000000.0,1000000000000.0,,,421.0,90.0,1350.0,,,,,5.0,TSMC,,https://ai.meta.com/blog/next-generation-meta-training-inference-accelerator-AI-MTIA/,,,2025-05-07 14:20:18+00:00
NVIDIA B100,NVIDIA,GPU,2024-03-18,,30000000000000.0,,,875000000000000.0,1750000000000000.0,,3500000000000000.0,,192000000000.0,8000000000000.0,,,,700.0,,,,,,,,,"https://www.anandtech.com/show/21310/nvidia-blackwell-architecture-and-b200b100-accelerators-announced-going-bigger-with-smaller-data

https://web.archive.org/web/20240809084215/https://www.hyperstack.cloud/nvidia-blackwell-b100",,,2025-04-21 16:24:26+00:00
NVIDIA B200,NVIDIA,GPU,2024-03-18,,31040000000000.0,62080000000000.0,2250000000000000.0,1125000000000000.0,2250000000000000.0,,4500000000000000.0,9000000000000000.0,192000000000.0,8000000000000.0,,,,1000.0,,,,,,,TSMC,,"https://www.hyperstack.cloud/nvidia-blackwell-b200
https://drive.google.com/file/d/1Wc9tdHdy3UthQ6ttW98RgrdUx8Vva5tU/view",,,2025-05-16 16:07:00+00:00
NVIDIA H100 NVL,NVIDIA,GPU,2024-03-14,,,,835500000000000.0,,,,,,94000000000.0,3938000000000.0,,,,400.0,1080.0,1785.0,2619.0,6016.0,,,,,"https://www.nvidia.com/content/dam/en-zz/Solutions/Data-Center/h100/PB-11773-001_v01.pdf

https://www.pny.com/nvidia-h100-nvl",,,2025-05-09 06:29:05+00:00
MTT S4000,Moore Threads (Tencent),GPU,2023-12-19,,,25000000000000.0,49150000000000.0,50000000000000.0,100000000000000.0,,200000000000000.0,,48000000000.0,768000000000.0,,,,450.0,,,,,128.0,12.0,,,"https://en.mthreads.com/product/S4000
https://www.techpowerup.com/gpu-specs/mtt-s4000.c4261",,,2025-05-05 07:32:53+00:00
Google TPU v5p,Google,TPU,2023-12-06,,,,,,459000000000000.0,,918000000000000.0,,95000000000.0,2765000000000.0,,,,,,,,,2.0,,,,https://cloud.google.com/tpu/docs/v5p,,"Genie,Gemma 2 27B,AFM-on-device,Gemma 3 27B",2025-05-20 15:34:03+00:00
AMD Instinct MI300X,AMD,GPU,2023-12-06,,81700000000000.0,163400000000000.0,1307400000000000.0,653700000000000.0,1307400000000000.0,,2614900000000000.0,,192000000000.0,5300000000000.0,,,1017.0,750.0,,,,,,5.0,TSMC,,"https://www.amd.com/content/dam/amd/en/documents/instinct-tech-docs/data-sheets/amd-instinct-mi300x-data-sheet.pdf
https://www.techpowerup.com/gpu-specs/radeon-instinct-mi300x.c4179",,,2025-05-09 06:33:22+00:00
Sunway SW26010-Pro,Sunway,,2023-11-26,,13800000000000.0,27600000000000.0,55296000000000.0,,,,,,96000000000.0,307200000000.0,,,,,,,,,,14.0,,,https://www.tomshardware.com/tech-industry/supercomputers/chinas-secretive-sunway-pro-cpu-quadruples-performance-over-its-predecessor-allowing-the-supercomputer-supercomputer-to-hit-exaflop-speeds,,,2025-01-14 21:34:32+00:00
NVIDIA HGX H20,NVIDIA,GPU,2023-11-09,12000.0,1000000000000.0,44000000000000.0,,74000000000000.0,148000000000000.0,,296000000000000.0,,96000000000.0,4000000000000.0,,,,400.0,,,,,,,,,https://viperatech.com/shop/nvidia-hgx-h20/,"https://www.tomshardware.com/tech-industry/artificial-intelligence/distributor-claims-that-nvidia-has-allegedly-stopped-taking-orders-on-hgx-h20-gpu-processors#:~:text=The%20product%20has%2096%20GB,tag%20of%20around%20%2410%2C000%20%2D%20%2413%2C000.

https://www.techpowerup.com/318595/nvidia-readying-h20-ai-gpu-for-chinese-market",,2025-03-06 20:36:54+00:00
NVIDIA L2 PCle,NVIDIA,GPU,2023-11-09,,,24100000000000.0,,48300000000000.0,96500000000000.0,,193000000000000.0,,24000000000.0,300000000000.0,,,,,,,,,,,,,"https://viperatech.com/shop/nvidia-l2-pcie/#:~:text=NVIDIA's%20L2%20PCle%2C%20part%20of,handling%20of%20data%2Dintensive%20tasks.",,,2024-09-30 16:49:35+00:00
NVIDIA L20 PCle,NVIDIA,GPU,2023-09-16,4299.0,927400000000.0,59350000000000.0,59350000000000.0,59800000000000.0,119500000000000.0,,239000000000000.0,,48000000000.0,864000000000.0,,,609.0,275.0,1440.0,2520.0,2250.0,384.0,11776.0,5.0,TSMC,76300.0,"https://www.techpowerup.com/gpu-specs/l20.c4206
https://wccftech.com/nvidia-china-compliant-h20-gpu-41-percent-fewer-cores-lower-performance-vs-top-hopper-h100/",https://viperatech.com/shop/nvidia-l20-pcie/,,2025-05-07 14:20:18+00:00
Google TPU v5e,Google,TPU,2023-08-29,,,,,,197000000000000.0,,393000000000000.0,,16000000000.0,819000000000.0,,,325.0,140.0,,,,,1.0,,,,https://cloud.google.com/tpu/docs/v5e,,"Gemma 7B,Gemini Nano-2,Gemini Nano-1,Gemma 2 2B,Gemma 1.1 7B Instruct,Imagen 3,PaliGemma,GameNGen,ALOHA Unleashed,Universal-1,DataGemma,Gemma 2B,Flexi-JEST++,JEST++,Gemma 3 1B,Gemma 3 4B,Gemini Robotics,GenCast,JEST-L++,PaliGemma 3B Mix 448,PaliGemma 3B Mix 224,Gemini Robotics-ER,Marin 8B",2025-05-21 19:11:16+00:00
NVIDIA GH200,NVIDIA,GPU,2023-08-08,,33450000000000.0,66910000000000.0,,494500000000000.0,989500000000000.0,,1979000000000000.0,,,4900000000000.0,,,,700.0,,,,,,5.0,TSMC,,https://resources.nvidia.com/en-us-data-center-overview-mc/en-us-data-center-overview/grace-hopper-superchip-datasheet-partner,,,2025-05-09 06:50:30+00:00
MetaX MXC500 (PCIe),MetaX,GPGPU,2023-06-13,,,15000000000000.0,240000000000000.0,120000000000000.0,,,480000000000000.0,,64000000000.0,18000000000000.0,,,,350.0,,,,,,7.0,,,"https://blog.csdn.net/qq_23934063/article/details/132473834
https://data.eastmoney.com/report/zw_industry.jshtml?infocode=AP202306151590965492",,,2024-12-20 18:07:02+00:00
MetaX MXN100,MetaX,GPU,2023-06-07,,,,80000000000000.0,,,,160000000000000.0,,,,,,,,,,,,,,,,https://www.metax-tech.com/ndetail/12469.html,,,2024-12-30 14:54:32+00:00
Meta MTIA v1,Meta,Other,2023-05-18,,,1600000000000.0,,,51200000000000.0,,102400000000000.0,,128000000.0,800000000000.0,,,373.0,25.0,800.0,,,,,7.0,TSMC,,"https://ai.meta.com/blog/meta-training-inference-accelerator-AI-MTIA/
https://ai.meta.com/blog/next-generation-meta-training-inference-accelerator-AI-MTIA/",,,2025-05-07 14:20:18+00:00
AWS Inferentia2,Amazon AWS,,2023-04-13,,,47500000000000.0,190000000000000.0,190000000000000.0,190000000000000.0,,380000000000000.0,,32000000000.0,820000000000.0,1000000000000,,,,,,,,,,,,https://perma.cc/YED7-PTH6,,,2025-05-20 15:32:50+00:00
NVIDIA H800 SXM5,NVIDIA,GPU,2023-03-21,,29650000000000.0,59300000000000.0,,454500000000000.0,989000000000000.0,,1979000000000000.0,,80000000000.0,3360000000000.0,,,814.0,700.0,1095.0,1755.0,,5120.0,456.0,5.0,TSMC,80000.0,https://www.techpowerup.com/gpu-specs/h800-sxm5.c3975,,"DeepSeekMoE-16B,DeepSeek-V2 (MoE-236B),RWKV-5 (Eagle) 7B,DeepSeek-V3,LLaDA,Step-Video-T2V,MAP-Neo,MiniMax-Text-01,MiniMax-VL-01",2025-05-22 20:53:02+00:00
NVIDIA GH100,NVIDIA,GPU,2023-03-21,,33450000000000.0,66910000000000.0,,494500000000000.0,989500000000000.0,,1979000000000000.0,,,3072000000000.0,,,,700.0,,,,,,,TSMC,,"https://www.techpowerup.com/gpu-specs/nvidia-gh100.g1011

https://videocardz.net/gpu/nvidia-gh100",,,2025-05-09 07:14:02+00:00
NVIDIA L4,NVIDIA,GPU,2023-03-21,,473300000000.0,30290000000000.0,30290000000000.0,60000000000000.0,121000000000000.0,,242000000000000.0,484000000000000.0,24000000000.0,300100000000.0,,,294.0,72.0,795.0,2040.0,1563.0,192.0,240.0,5.0,TSMC,35800.0,"https://nvdam.widen.net/s/rvq98gbwsw/l4-datasheet-2595652
https://www.techpowerup.com/gpu-specs/l4.c4091",,,2025-05-09 09:36:54+00:00
NVIDIA GeForce RTX 4070,NVIDIA,GPU,2023-02-08,,455400000000.0,29150000000000.0,29150000000000.0,,,,233000000000000.0,,12000000000.0,504200000000.0,,,295.0,285.0,1920.0,2475.0,1313.0,192.0,,,TSMC,35800.0,https://www.techpowerup.com/gpu-specs/geforce-rtx-4070.c3924,,,2025-05-07 14:20:18+00:00
Intel Data Center GPU Max 1100,Intel,GPU,2023-01-10,,,22220000000000.0,22220000000000.0,,,,,,48000000000.0,1230000000000.0,,,1280.0,300.0,1000.0,1550.0,600.0,8192.0,448.0,10.0,Intel,100000.0,https://www.techpowerup.com/gpu-specs/data-center-gpu-max-1100.c4066,,,2025-05-07 14:20:18+00:00
Intel Data Center GPU Max 1350,Intel,GPU,2023-01-10,,,44440000000000.0,44440000000000.0,,,,,,96000000000.0,2460000000000.0,,,1280.0,450.0,750.0,1550.0,1200.0,8192.0,896.0,10.0,Intel,100000.0,https://www.techpowerup.com/gpu-specs/data-center-gpu-max-1350.c4067,,,2025-05-07 14:20:18+00:00
Intel Data Center GPU Max 1550,Intel,GPU,2023-01-10,,,52430000000000.0,52430000000000.0,,,,,,128000000000.0,3280000000000.0,,,1280.0,600.0,900.0,1600.0,1600.0,8192.0,1024.0,10.0,Intel,100000.0,https://www.techpowerup.com/gpu-specs/data-center-gpu-max-1350.c4067,,,2025-05-07 14:20:18+00:00
AMD Radeon Instinct MI300,AMD,GPU,2023-01-04,,47870000000000.0,47870000000000.0,383000000000000.0,,,,,,128000000000.0,6550000000000.0,,,1017.0,600.0,,,,,,5.0,,,https://www.techpowerup.com/gpu-specs/radeon-instinct-mi300.c4019,,,2024-10-14 18:07:31+00:00
AMD Instinct MI300A,AMD,GPU,2023-01-04,,61300000000000.0,122600000000000.0,980600000000000.0,490300000000000.0,980600000000000.0,,1961200000000000.0,,128000000000.0,5300000000000.0,,,,760.0,,,,,,5.0,,,https://www.amd.com/content/dam/amd/en/documents/instinct-tech-docs/data-sheets/amd-instinct-mi300a-data-sheet.pdf,,,2025-05-09 06:36:20+00:00
Baidu Kunlun RG800,Kunlunxin Baidu,XPU-R,2023-01-01,,,32000000000000.0,128000000000000.0,,,128000000000000.0,256000000000000.0,,32000000000.0,512000000000.0,,,,130.0,,,,,,,,,,,,2025-04-11 17:52:23+00:00
MetaX MXC500 (OAM),MetaX,GPGPU,2023-01-01,,,18000000000000.0,280000000000000.0,140000000000000.0,,,560000000000000.0,,64000000000.0,18000000000000.0,,,,450.0,,,,,,7.0,,,"https://blog.csdn.net/qq_23934063/article/details/132473834
https://data.eastmoney.com/report/zw_industry.jshtml?infocode=AP202306151590965492",,,2025-05-05 12:55:34+00:00
Tianshu Zhixin Zhikai 100,Iluvatar CoreX,GPU,2022-12-20,,,24000000000000.0,96000000000000.0,,,,384000000000000.0,,,,,,,,,,,,,,,,,,,2025-04-11 18:07:11+00:00
NVIDIA RTX 6000 Ada Generation,NVIDIA,GPU,2022-12-03,6799.0,1423000000000.0,91060000000000.0,91060000000000.0,,,,,,,,,,608.0,,,,,,,5.0,TSMC,76300.0,"https://perma.cc/63JP-L3WM
https://www.techpowerup.com/gpu-specs/rtx-6000-ada-generation.c3933",,"BADGER,PARM",2025-05-09 20:22:56+00:00
NVIDIA A800 PCIe 40 GB,NVIDIA,GPU,2022-11-08,,9746000000000.0,19490000000000.0,77970000000000.0,155900000000000.0,311800000000000.0,,,,,1560000000000.0,,,826.0,250.0,,1410.0,,5120.0,432.0,7.0,TSMC,54200.0,"https://www.techpowerup.com/gpu-specs/a800-pcie-40-gb.c3964
https://www.techpowerup.com/gpu-specs/a800-pcie-80-gb.c3965
https://www.techpowerup.com/gpu-specs/a800-sxm4-80-gb.c3966",,"FLM-101B,Skywork-13B,DreamLLM,BGE-M3 Embedding,OmniGen,ProSST,Baichuan 2-7B,YaYi 2.0,Baichuan1-7B,DiffPepBuilder",2025-05-09 07:06:28+00:00
AMD Radeon RX 7900 XTX,AMD,GPU,2022-11-03,999.0,1919000000000.0,61420000000000.0,122800000000000.0,,,,,,24000000000.0,960000000000.0,,,529.0,335.0,1860.0,2499.0,2500.0,384.0,96.0,,,57700.0,https://www.techpowerup.com/gpu-specs/radeon-rx-7900-xtx.c3941,https://www.pcgamer.com/amd-radeon-rx-7900-xtx-xt-price-release-date-specs/,,2024-08-29 15:09:39+00:00
NVIDIA A800 PCIe 80 GB,NVIDIA,GPU,2022-11-03,,9746000000000.0,19490000000000.0,77970000000000.0,155900000000000.0,311800000000000.0,,,,,1940000000000.0,,,826.0,250.0,,1410.0,,,432.0,7.0,TSMC,,https://www.techpowerup.com/gpu-specs/a800-pcie-80-gb.c3965,,Xinyu,2025-06-09 14:20:27+00:00
Amazon Trainium1,Amazon AWS,GPU,2022-10-15,,,47500000000000.0,190000000000000.0,190000000000000.0,190000000000000.0,,420000000000000.0,,,9800000000000.0,,,,,,,,,,,,,https://web.archive.org/web/20230518023215/https://awsdocs-neuron.readthedocs-hosted.com/en/v2.9.1/general/arch/neuron-hardware/trainium.html,,nekomata-14b,2025-05-09 07:45:03+00:00
GroqChip LPU v1,,LPU,2022-10-15,,,,188000000000000.0,,,,750000000000000.0,,230000000.0,80000000000000.0,,,,215.0,900.0,,,,,14.0,,,https://groq.com/wp-content/uploads/2024/08/GroqChip%E2%84%A2-Processor-Product-Brief-v1.7.pdf,,,2025-05-09 07:35:44+00:00
NVIDIA L40,NVIDIA,GPU,2022-10-13,,1414000000000.0,90520000000000.0,90520000000000.0,,181000000000000.0,,362000000000000.0,,48000000000.0,864000000000.0,,,608.0,300.0,735.0,2490.0,2250.0,384.0,568.0,,,76300.0,https://www.techpowerup.com/gpu-specs/l40.c3959; https://www.nvidia.com/content/dam/en-zz/Solutions/design-visualization/support-guide/NVIDIA-L40-Datasheet-January-2023.pdf,,,2025-03-03 17:56:14+00:00
NVIDIA H100 PCIe,NVIDIA,GPU,2022-09-20,,25610000000000.0,51220000000000.0,204900000000000.0,378000000000000.0,756000000000000.0,,,,,2040000000000.0,600000000000,400000000000,814.0,350.0,1095.0,1755.0,,,,4.0,TSMC,80000.0,https://www.techpowerup.com/gpu-specs/h100-pcie.c3899,,"SO3LR,RNAdiffusion,RDT-1B,SmolLM-1.7B",2025-06-09 16:20:05+00:00
NVIDIA GeForce RTX 4090,NVIDIA,GPU,2022-09-20,1599.0,1290000000000.0,82600000000000.0,82600000000000.0,82600000000000.0,330000000000000.0,,660600000000000.0,,24000000000.0,1008000000000.0,,,608.0,450.0,2235.0,2520.0,1313.0,384.0,512.0,,,76300.0,https://www.techpowerup.com/gpu-specs/geforce-rtx-4090.c3889,https://www.pcgamesn.com/nvidia/rtx-4090-release-date-price-spec-and-benchmarks,"Diamond,JetFire (GPT2-LARGE),Rethinking Molecular Design: Integrating Latent Variable and Auto-Regressive Models for Goal Directed Generation,AtomFlow,OmniGenome,ManiGaussian",2025-05-28 23:07:14+00:00
NVIDIA H100 SXM5 80GB,NVIDIA,GPU,2022-09-20,44489.88,33450000000000.0,66910000000000.0,133800000000000.0,494700000000000.0,989400000000000.0,,1979000000000000.0,,80000000000.0,3350000000000.0,900000000000,400000000000,814.0,700.0,1665.0,1980.0,1313.0,5120.0,528.0,5.0,TSMC,80000.0,https://resources.nvidia.com/en-us-tensor-core/nvidia-tensor-core-gpu-datasheet; https://www.techpowerup.com/gpu-specs/h100-sxm5.c3900,"GPU was sold between 30k and 40k USD. Price is $44,489.88 per card for a DGX server with 8x H100.","Inflection-1,Inflection-2,MPT-30B,StarCoder 2 7B,Llama 3-70B,DBRX,Evo,Inflection-2.5,Reka Core,Reka Flash,Stable LM 2 12B,Llama 3-8B,phi-3-mini 3.8B,Jamba,Nemotron-4 340B,Multi-Token Prediction 7B,Multi-Token Prediction 13B,Llama 3.1-405B,Mamba2-Hybrid,EXAONE 3.0,Jamba 1.5-Large,OLMoE,Falcon Mamba,Pharia-1-LLM-7B,Llama 3.2 1B,Llama 3.2 3B,Llama 3.2 11B,Llama 3.2 90B,Movie Gen Video,Movie Gen Audio,phi-3.5-mini,phi-3.5-Vision,Stable Video 4D (SV4D),Yi-Lightning,Mistral Large,NVLM-D 72B,NVLM-H 72B,Luma Dream Machine,GRITLM 8x7B,Nemotron-4 15B, Tulu 3 (Tülu 3) 70B,Hermes 3 405B,Hermes 3 70B,Hermes 3 8B,DISTRO,Allegro,Zephyr 141B-A39B																																						,NVLM-X 72B,Llama 3.3 70B,Granite 3.0 8B,Granite 3.0 2B,OLMo 2 Furious 7B,OLMo 2 Furious 13B,LLaVA-CoT,Cosmos-1.0-
Diffusion-14B Video2World,TAIWAN-LLM 13B,TAIWAN-LLM 7B,TAIDE-LX-7B,Llama-3-Taiwan-70B
,SimPO,Yi-VL-34B,s1,NVILA 15B,NVILA 8B,Grok-3,Grok-2,SEA-LION V2 8B,SEA-LION V3 Gemma2 9B,SEA-LION V3 Llama3.1 70B,EXAONE Deep 2.4B,EXAONE Deep 7.8B,EXAONE Deep 32B,Ovis-7B,Molmo 72B,Phi-4,Phi-3.5-MoE,Seaweed-7B,Llama-SEA-LION-v2-8B,dnaGrinder,OpenELM-450M,OpenELM-3B,Nemotron-H 56B,MULAN,OpenPhenom-S/16,Quiet-STaR,Granite 3.1 2B,Granite 3.2 2B ,Granite 3.1 8B,Granite 3.2 8B,LongVU,ProtChatGPT,Zamba2-7B,ProteinStructureTransformer,Phi-4-Reasoning,Phi-4-Reasoning-plus,LLama 3..2 Typhoon 2 1B,LLama 3.2 Typhoon 2 3B,Typhoon 2 7B,Llama 3.1 Typhoon 2 8B,Llama 3.1 Typhoon 2 70B,Pleias-RAG-1B,Pleias-RAG-350m,Pleias 1.0 1.2B,Pleias 1.0 350m,Meissonic,GR00T N1,Eagle 2,Gemma2 9B CPT Sahabat-AI,DCLM 7B",2025-06-11 11:39:39+00:00
NVIDIA GeForce RTX 4080,NVIDIA,GPU,2022-09-20,1199.0,761500000000.0,48740000000000.0,48740000000000.0,,,,390000000000000.0,,16000000000.0,716800000000.0,,,379.0,320.0,2205.0,2505.0,1400.0,256.0,304.0,,TSMC,45900.0,https://www.techpowerup.com/gpu-specs/geforce-rtx-4080.c3888,,,2025-05-07 14:20:18+00:00
Biren BR100,Biren,GPGPU,2022-08-22,,,256000000000000.0,,512000000000000.0,1024000000000000.0,,2048000000000000.0,,64000000000.0,1640000000000.0,,,1074.0,550.0,,,,,,7.0,,,https://web.archive.org/web/20221004073838/https://www.birentech.com/product_details/1005557637772464128.html; https://hc34.hotchips.org/assets/program/conference/day1/GPU%20HPC/HC2022.BirenTech.MikeHong.LingjieXu.v01.pdf,,,2025-04-30 14:21:21+00:00
NVIDIA A800 SXM,NVIDIA,GPU,2022-08-11,,9746000000000.0,19490000000000.0,77970000000000.0,155900000000000.0,311800000000000.0,,,,,2040000000000.0,,,826.0,400.0,,1410.0,,,432.0,7.0,TSMC,,https://www.techpowerup.com/gpu-specs/a800-sxm4-80-gb.c3966,,"Uni-Med,Oryx 34B",2025-05-09 07:07:19+00:00
MT-3000,National University of Defense Technology,Hybrid CPU,2022-07-01,,12870000000000.0,,,,,,,,128000000000.0,1432000000000.0,,,,256.0,,,,,,,,,https://link.springer.com/article/10.1007/s42514-022-00095-y,,,2025-05-05 08:09:44+00:00
Intel Habana Gaudi2,Intel,,2022-05-10,,,,,,450000000000000.0,,,,96000000000.0,2450000000000.0,,,826.0,600.0,,,,,24.0,7.0,TSMC,,https://perma.cc/9SR3-HX6Q,,,2025-05-27 19:06:53+00:00
NVIDIA GeForce RTX 3090 Ti,NVIDIA,GPU,2022-03-29,1999.0,625000000000.0,40000000000000.0,40000000000000.0,40000000000000.0,160000000000000.0,,320000000000000.0,,24000000000.0,1008000000000.0,,,628.0,450.0,1560.0,1860.0,1313.0,384.0,336.0,8.0,Samsung,28300.0,https://www.techpowerup.com/gpu-specs/geforce-rtx-3090-ti.c3829,https://www.wikiwand.com/en/GeForce_30_series,"YOLOv10-X,pKALM,FMMformer (2-kernel fast weight + Band20),Lightweight Fine-tuning a Pretrained Protein Language Model for Protein Secondary",2025-05-07 14:20:18+00:00
Cambricon MLU370-X8,Cambricon,,2022-03-21,,,24000000000000.0,96000000000000.0,,,128000000000000.0,256000000000000.0,,48000000000.0,614400000000.0,,,,250.0,,,,,,7.0,,,,,,2025-04-11 18:01:01+00:00
Huawei Ascend 910B,Huawei,GPU,2022-03-17,16854.0,,94000000000000.0,376000000000000.0,,,,,,32000000000.0,1228000000000.0,,,,400.0,,,900.0,,,7.0,SMIC,,"https://archive.ph/cF945
https://cset.georgetown.edu/publication/pushing-the-limits-huaweis-ai-chip-tests-u-s-export-controls/#:~:text=Ascend%20910%20models%20range%20from,specially%20designed%20for%20AI%20operations
https://www.trendforce.com/news/2024/06/11/news-huaweis-self-developed-ai-chip-challenges-nvidia-boasting-its-ascend-910b-to-be-equal-in-match-with-a100/

different sources report different performance (376 TFLOPS vs 220 TFLOPS vs 320 TFLOPS)

as for release date - the earliest mentioning I found is March, 17 2022 (https://r.huaweistatic.com/s/ascendstatic/lst/files/pdf/PR425KI.pdf)

energy source: https://arthurchiao.art/blog/gpu-data-sheets/
",https://www.trendforce.com/news/2024/06/11/news-huaweis-self-developed-ai-chip-challenges-nvidia-boasting-its-ascend-910b-to-be-equal-in-match-with-a100/,"Pangu Ultra,Pangu Ultra MoE",2025-05-23 13:42:35+00:00
Baidu Kunlun R100 (75W),Kunlunxin Baidu,XPU-R,2022-01-01,,,18000000000000.0,64000000000000.0,,,64000000000000.0,128000000000000.0,,12000000000.0,384000000000.0,,,,75.0,,,,,,,,,,,,2025-04-11 17:52:23+00:00
Baidu Kunlun R100 (100W),Kunlunxin Baidu,XPU-R,2022-01-01,,,20000000000000.0,85000000000000.0,,,85000000000000.0,170000000000000.0,,12000000000.0,384000000000.0,,,,100.0,,,,,,,,,,,,2025-04-11 17:52:23+00:00
Baidu Kunlun R200 (150W),Kunlunxin Baidu,XPU-R,2022-01-01,,,32000000000000.0,128000000000000.0,,,128000000000000.0,256000000000000.0,,16000000000.0,512000000000.0,,,,150.0,,,,,,7.0,,,,,,2025-04-11 17:52:23+00:00
Baidu Kunlun R200-8F (160W),Kunlunxin Baidu,XPU-R,2022-01-01,,,32000000000000.0,128000000000000.0,,,128000000000000.0,256000000000000.0,,32000000000.0,512000000000.0,,,,160.0,,,,,,7.0,,,,,,2025-04-11 17:52:23+00:00
AMD Radeon Instinct MI250X,AMD,GPU,2021-11-08,14500.0,47870000000000.0,47870000000000.0,383000000000000.0,95700000000000.0,383000000000000.0,,383000000000000.0,,128000000000.0,3280000000000.0,,,724.0,500.0,1000.0,1700.0,1600.0,8192.0,,6.0,TSMC,58200.0,"https://www.amd.com/en/products/accelerators/instinct/mi200/mi250x.html
https://www.techpowerup.com/gpu-specs/radeon-instinct-mi250x.c3837",https://www.nextplatform.com/2021/12/06/stacking-up-amd-mi200-versus-nvidia-a100-compute-engines/,"BLUUMI,Poro 34B,Viking,OLMo-7B,ColPali,OLMo-1B",2025-05-07 14:20:18+00:00
Cambricon MLU370-S4/S8,Cambricon,,2021-11-03,,,18000000000000.0,72000000000000.0,,,96000000000000.0,192000000000000.0,,24000000000.0,307200000000.0,,,,75.0,,,,,,7.0,,,,,,2025-04-11 18:00:20+00:00
Cambricon MLU370-X4,Cambricon,,2021-11-03,,,24000000000000.0,96000000000000.0,,,128000000000000.0,256000000000000.0,,24000000000.0,307200000000.0,,,,150.0,,,,,,7.0,,,,,,2025-04-11 18:01:01+00:00
Cambricon MLU370-S8,Cambricon,,2021-11-03,,,18000000000000.0,72000000000000.0,,,96000000000000.0,192000000000000.0,,48000000000.0,307200000000.0,,,,75.0,,,,,,7.0,,,,,,2025-04-11 18:00:20+00:00
Cambricon MLU370-S4,Cambricon,,2021-11-03,,,18000000000000.0,72000000000000.0,,,96000000000000.0,192000000000000.0,,24000000000.0,307200000000.0,,,,75.0,,,,,,7.0,,,,,,2025-04-11 18:00:20+00:00
Tesla D1 Dojo,Tesla,GPU,2021-08-21,,,22600000000000.0,,,362000000000000.0,,,,,10000000000000.0,,,,400.0,,,,,,7.0,TSMC,,https://semianalysis.com/2021/08/25/the-tesla-dojo-chip-is-impressive/,,,2025-05-09 07:18:05+00:00
Baidu Kunlun II,Kunlunxin Baidu,XPU-R,2021-08-18,,,,128000000000000.0,,,,256000000000000.0,,32000000000.0,512000000000.0,,,,150.0,,,,,,7.0,,,https://web.archive.org/web/20250505083031/https://news.qq.com/rain/a/20221129A02ZKE00,,,2025-05-05 08:32:50+00:00
Shensuan-1,Hygon,DCU (GPGPU),2021-07-01,,,,24500000000000.0,,,,,,32000000000.0,1024000000000.0,,,,350.0,,,,,,7.0,,,https://hk-official.cmbi.info/upload/b678e2ea-ba52-47b7-bc97-893d2bfdd36d.pdf,,,2025-05-05 08:41:05+00:00
Google TPU v4,Google,TPU,2021-05-20,,,,,,275000000000000.0,,275000000000000.0,,32000000000.0,1200000000000.0,,,,170.0,,,,,,7.0,,,https://cloud.google.com/tpu/docs/system-architecture-tpu-vm,https://technical.city/en/video/GeForce-GTX-580,"Flamingo,GLaM,CodeGen-Mono 16.1B,Ankh_large,Cohere Command,CoCa,PaLI,BASIC-L,XGen-7B,PaLM 2,Minerva (540B),UniPi,PaLM (540B),Chinchilla,AlphaCode,OpenLLaMA-13B,Gemini 1.0 Ultra,GNoME for crystal discovery,U-PaLM (540B),Ankh_base,AudioLM,Parti,Flan-PaLM 540B,Flan-T5 11B,Aya,Unified-IO (XL),Cohere Command Light,ViT-22B,Gemini 1.0 Pro,UL2,Imagen,Gemini 1.5 Flash,Gemma 2 9B,AFM-server,GenMS,Imagen 3,Med-Gemini-2D,Med-Gemini-3D,Med-Gemini-M 1.5,SigLIP 400M,SigLiT,Gemini 1.5 Flash 8B,SigLIP,Gemini 1.5 Pro,Gemma 3 12B,Gemini Robotics,LLPS,Octo-Base,Octo-Small,Cambrian-1-34B,Cambrian-1-13B,Cambrian-1-8B,ProtBFN,TxGemma 2B,TxGemma 9B,TxGemma 27B,SILC-S* (86M),Gemini Robotics-ER,Marin 8B",2025-05-21 19:11:26+00:00
NVIDIA RTX A4000,NVIDIA,GPU,2021-04-12,1000.0,599000000000.0,19170000000000.0,19170000000000.0,,,,,,16000000000.0,448000000000.0,,,392.0,140.0,735.0,1560.0,1750.0,256.0,192.0,8.0,Samsung,17400.0,techpowerup.com/gpu-specs/rtx-a4000.c3756,https://develop3d.com/hardware/nvidia-rtx-a4000-and-rtx-a5000-gpus-launch/,,2025-05-07 14:20:18+00:00
NVIDIA A10G,NVIDIA,GPU,2021-04-12,,985000000000.0,31500000000000.0,31500000000000.0,,,,,,24000000000.0,600200000000.0,,,628.0,150.0,1320.0,1710.0,1563.0,384.0,288.0,8.0,Samsung,28300.0,https://www.techpowerup.com/gpu-specs/a10g.c3798,,TimeGPT-1,2025-05-07 14:20:18+00:00
NVIDIA RTX A5000,NVIDIA,GPU,2021-04-12,2250.0,867800000000.0,27770000000000.0,27770000000000.0,,,,,,24000000000.0,768000000000.0,,,628.0,230.0,1170.0,1695.0,2000.0,384.0,256.0,8.0,Samsung,28300.0,https://www.techpowerup.com/gpu-specs/rtx-a5000.c3748,https://develop3d.com/hardware/nvidia-rtx-a4000-and-rtx-a5000-gpus-launch/,"Refact-1.6B,BiomedGPT (182M),GITIII",2025-05-07 14:20:18+00:00
NVIDIA A10 PCIe,NVIDIA,GPU,2021-04-12,2800.0,976300000000.0,31240000000000.0,31240000000000.0,,,,250000000000000.0,,24000000000.0,600200000000.0,,,628.0,150.0,885.0,1695.0,,384.0,288.0,8.0,Samsung,28300.0,"https://www.techpowerup.com/gpu-specs/a10-pcie.c3793#:~:text=The%20A10%20PCIe%20is%20a,card%20supports%20DirectX%2012%20Ultimate.",https://www.nextplatform.com/2021/04/15/nvidia-rounds-out-ampere-lineup-with-two-new-accelerators/,Goat-7B,2025-05-07 14:20:18+00:00
Tianshu Zhixin Tiangai 100 (BI-V100),Iluvatar CoreX,GPGPU,2021-03-31,,,32000000000000.0,128000000000000.0,,,,256000000000000.0,,32000000000.0,,,,,250.0,,,,,,7.0,,,,,,2025-04-11 18:08:28+00:00
Cambricon MLU290-M5,Cambricon,,2021-01-21,,,,,,,256000000000000.0,512000000000000.0,,32000000000.0,1228000000000.0,,,,350.0,,,,,,7.0,,,,,,2025-04-11 18:00:20+00:00
NVIDIA A100 SXM4 80 GB,NVIDIA,GPU,2020-11-16,,9746000000000.0,19490000000000.0,77970000000000.0,156000000000000.0,312000000000000.0,,624000000000000.0,,80000000000.0,2039000000000.0,600000000000,200000000000,826.0,400.0,1275.0,1410.0,1593.0,5120.0,432.0,7.0,TSMC,54200.0,https://www.techpowerup.com/gpu-specs/a100-sxm4-80-gb.c3746,,"InternLM,Llama 2-70B,Galactica,StarCoder,Luminous-supreme,JIANG,Megatron-Turing NLG 530B,RWKV-4 14B,OPT-175B,Code Llama-34B,Llama 2-34B,CodeFuse-13B,XuanYuan 2.0,Llama 2-7B,Llama 2-13B,Fusion in Encoder,GGNN,OmegaPLM,Orca 2-13B,Code Llama-70B,MMS-1B,Llama Guard,Code Llama-7B,VideoMAE V2,Emu (BAAI),OpenFlamingo,StarCoder 2 3B,Volcano 13B,BLOOM-176B,NLLB,OPT-66B,A.X (Adot) 18B,Chameleon-34B,FragLlama: Next-fragment prediction for molecular design,YaART,Multi-Token Prediction 7B,Multi-Token Prediction 13B,Pharia-1-LLM-7B,LBSTER,Stable Video 3D (SV3D),Stable Video Diffusion,BELLE-LLaMA-EXT-7B,GRITLM 7B,MindEye2,MobileCLIP-B (LT),TiTok-L,Alpaca,PepPrCLIP,Amber,Code Llama-13B,StableLM - Zephyr 3B,Minitron 8B,Minitron 4B,Llama-3.1-Minitron-4B,F5-TTS, InternVL,SparseOPT-175B,Hybrid H3-2.7B,Phi-4-Multimodal,Phi-4 Mini,Transformer-XL + RMT,LLaVA-NeXT-32B-Qwen,OpenELM-270M,OpenELM-1.1B,OmniNA,Typhoon2-Vision ,HuaTuo",2025-06-09 15:07:12+00:00
NVIDIA RTX A6000,NVIDIA,GPU,2020-10-05,4649.0,1210000000000.0,38700000000000.0,38700000000000.0,,,,,,48000000000.0,768000000000.0,,,628.0,300.0,1410.0,1800.0,2000.0,384.0,336.0,8.0,Samsung,28300.0,https://www.techpowerup.com/gpu-specs/rtx-a6000.c3686,https://wccftech.com/nvidia-rtx-a6000-48-gb-workstation-graphics-card-full-ga102-gpu-4650-us/,"DiffDock,QMoE: compressed SwitchTransformer,DeepUrfold,llama-3-airoboros-70b-3.3,Mdgen,Precious3GPT,P-Llama2,P-LLama3,AbGPT,P-LLama3,ProLLaMA,DiscDiff,Improved motif-scaffolding with SE(3) flow matching,P-gemma,P-Mistral,NAEPro",2025-05-07 14:20:18+00:00
NVIDIA A40 PCIe,NVIDIA,GPU,2020-10-05,,584600000000.0,37420000000000.0,37420000000000.0,74800000000000.0,149700000000000.0,,299300000000000.0,,48000000000.0,695800000000.0,,,628.0,300.0,1305.0,1740.0,1812.0,384.0,336.0,8.0,Samsung,28300.0,https://www.techpowerup.com/gpu-specs/a40-pcie.c3700; https://images.nvidia.com/content/Solutions/data-center/a40/nvidia-a40-datasheet.pdf,,"UdanDTI,RNADiffFold,DDPM",2025-05-07 14:20:18+00:00
NVIDIA GeForce RTX 3080,NVIDIA,GPU,2020-09-01,699.0,465100000000.0,29770000000000.0,29770000000000.0,,,,,,10000000000.0,760000000000.0,,,628.0,320.0,1440.0,1710.0,1188.0,320.0,272.0,8.0,Samsung,28300.0,https://www.techpowerup.com/gpu-specs/geforce-rtx-3080.c3621,https://www.tomsguide.com/news/nvidia-geforce-rtx-3080-ti,"MTDP,ConoDL",2025-05-07 14:20:18+00:00
NVIDIA GeForce RTX 3090,NVIDIA,GPU,2020-09-01,1499.0,556000000000.0,35580000000000.0,35580000000000.0,,,143000000000000.0,284000000000000.0,,24000000000.0,936000000000.0,,,628.0,350.0,1395.0,1695.0,1219.0,384.0,328.0,8.0,Samsung,28300.0,https://images.nvidia.com/aem-dam/en-zz/Solutions/geforce/ampere/pdf/NVIDIA-ampere-GA102-GPU-Architecture-Whitepaper-V1.pdf#page=38; https://www.techpowerup.com/gpu-specs/geforce-rtx-3090.c3622,https://www.tomsguide.com/news/nvidia-geforce-rtx-3090,"Swift,Robot Parkour,Otter,FinGPT-13B,DeepSA,NLM,MPDF,Text2Protein,TAWFN,Transformer + GFM,Transformer-XL + PowerSGD + L-Greco,DualNetGO,scHyena,Protein-Mamba,RNA-FrameFlow",2025-05-07 14:20:18+00:00
NVIDIA A100 PCIe,NVIDIA,GPU,2020-06-22,,9746000000000.0,19490000000000.0,77970000000000.0,156000000000000.0,312000000000000.0,,624000000000000.0,,,1940000000000.0,600000000000,200000000000,826.0,300.0,,,,5120.0,432.0,7.0,TSMC,54200.0,"https://www.techpowerup.com/gpu-specs/a100-pcie-80-gb.c3821
https://www.techpowerup.com/gpu-specs/a100-pcie-40-gb.c3623",,"Discriminator Guidance,YuYan 11B,FvFold",2025-05-09 07:19:35+00:00
NVIDIA A100 SXM4 40 GB,NVIDIA,GPU,2020-05-14,15000.0,9746000000000.0,19490000000000.0,77970000000000.0,156000000000000.0,312000000000000.0,,624000000000000.0,,40000000000.0,1560000000000.0,600000000000,200000000000,826.0,400.0,1095.0,1410.0,1215.0,5120.0,432.0,7.0,TSMC,54200.0,https://www.techpowerup.com/gpu-specs/a100-sxm4-40-gb.c3506,https://www.nextplatform.com/2022/05/09/how-much-of-a-premium-will-nvidia-charge-for-hopper-gpus/,"Florence,Luminous-supreme,Falcon-180B,GPT-3.5,GPT-4,StableLM-Base-Alpha-7B,Phi-1.5,WeLM,GLM-130B,BlenderBot 3,GPT-NeoX-20B,TinyLlama-1.1B (1T token checkpoint),TinyLlama-1.1B (3T token checkpoint),StableLM-2-1.6B,DINOv2,Stable Code 3B,Falcon-7B,Qarasu-14B,Flan T5-XXL + BLIP-2,BLIP-2 (Q-Former),Swin Transformer V2 (SwinV2-G),SPHINX (Llama 2 13B),EVA-01,CoRe,InstructBLIP,xTrimoPGLM -100B,MPT-7B,Pythia-12b,Pythia-2.8b,Pythia-6.9b,Pythia-160m,Pythia-1b,Pythia-1.4b,Pythia-70m,Pythia-410m,PLaMo-13B,Falcon 2 11B,Janus 1.3B,Luminous-extended,Luminous-base,TeleChat-7B,TeleChat-3B,TeleChat-12B,aiXcoder-7B Base,Janus-Pro-7B,Janus-Pro-1B,SEA-LION V1 3B,SEA-LION V1 7B,Llama-SEA-LION-v2-8B-IT,Novae,HelixProtX,Sailor-7B-Chat,SEA-LION-v1-7B-IT,SGPT BE 5.8B",2025-06-09 14:20:04+00:00
NVIDIA A100,NVIDIA,GPU,2020-03-01,,9700000000000.0,19500000000000.0,77970000000000.0,156000000000000.0,312000000000000.0,,624000000000000.0,,40000000000.0,1560000000000.0,600000000000,200000000000,826.0,400.0,1280.0,1410.0,1590.0,5120.0,432.0,7.0,TSMC,54200.0,https://www.nvidia.com/content/dam/en-zz/Solutions/Data-Center/a100/pdf/nvidia-a100-datasheet-us-nvidia-1758950-r4-web.pdf; https://www.techpowerup.com/gpu-specs/a100-sxm4-80-gb.c3746,"https://arstechnica.com/gadgets/2016/07/gtx-titan-x-pascal-specs-price-release-date/#:~:text=Surprise!%20%E2%80%94-,Nvidia%20unveils%20new%20GTX%20Titan%20X,teraflops%2C%2012GB%20GDDR5X%2C%20just%20%241%2C200,   https://www.extremetech.com/gaming/232924-nvidia-titan-x-offers-incredible-performance-at-a-significant-cost","DLRM-2022,Taiyi-Stable Diffusion,AR-LDM,Megatron-LM (1T),DLRM-12T,LLaMA-65B,GPT-SW3,CALM,Falcon-40B,Ferret (13B),Show-1,MoE-1.1T,StableLM-3B-4E1T,CodeT5-base,CodeT5-large,CodeT5+,ZymCTRL,BloombergGPT,LLaMA-7B,DiT-XL/2 + Discriminator Guidance,Platypus-70B,OPT-IML (175B),Fairseq-dense 13B,Polyglot-Ko-12.8B,PULI GPTrio,LLaMA-13B,Wu Dao Aquila-7B,Phi-2,Nemotron-3-8B,Japanese-LM-3.6B,EMDR,LDM-1.45B,ImageBind,Tranception,ProtGPT2,gLM,HyenaDNA,Nucleotide Transformer,Segment Anything Model,AudioGen,EnCodec,YaLM,Granite 13B,HyperCLOVA 82B,CoEdiT-xxl,XGLM-7.5B,RQ-Transformer (LSUN-cat dataset),RQ-Transformer (1.4B params ImageNet dataset),RQ-Transformer (3.8B params ImageNet dataset),LLaVA,LLaVA 1.5,LLaVA-NeXT-34B (LLaVA-1.6),CTR-BERT,DeepSeekMoE-16B,eDiff-I,Starling-LM-7B-alpha,OtterHD-8B,OneLLM,InternLM-XComposer,AlexaTM 20B,PLUG,Stable Diffusion (LDM-KL-8-G),Wu Dao Aquila-33B,MegaScale (175B),MegaScale (530B),MegaScale (Production),Evo,Reka Core,Reka Flash,OLMo-7B,MosaicML Diffusion,ruDalle: Kandinsky 3.0,ruDalle: Kandinsky 3.1,Prithvi-100M,GPT-2 (AMPS),HyperCLOVA 204B,Amazon Titan,Perfusion,BGE-M3 Embedding,Swallow,MuggleMath,MiniGPT4 (Vicuna finetune),Genie 2 (bio),OpenVLA,MGK 4 heads (medium),AlphaFold 3,FRED-T5-XL,ruGPT-3.5 13B,CHAI-1,ProteinSetTransformer,Aurora,ERNIE-ViLG 2.0,3-ensemble of Self-ensembles on CIFAR-100,ChatBit,MACE-MP-0,MetaMath 7B (LLaMa finetune),MetaMath 7B (Mistral finetune),T2V-Turbo-v2,VideoCrafter2,4D Diffusion for Dynamic Protein Structure Prediction with Reference Guided Motion Alignment,IDPFold,MolPhenix,Importance of higher-order epistasis in large protein sequence-function relationships,PlasmidGPT,Vicuna-7B v0,Vicuna-13B v0,Vicuna-13B-v1.3,Vicuna-7B-v1.3,RWKV-6 (Finch) 3B,Zephyr 7B,BaiLing TTS,BaseFold,HiFi - NN,Phi-1,HAM-TTS,HGRN 1B (WT 103),IDEFICS-9B,IDEFICS-80B,MatterSim (M3GNet - MatterSim-v1.0.0-5M),MatterSim (Grpaphomer),Apollo 7B,Apollo 3B,Apollo 1.5B,TigerBot-70B,MatterGen,xLSTM 1.4B,Jurassic-1-Jumbo,ALLaM adapted13B
,ALLaM adapted 70B,ALLaM 7B,ALLaM 34B,OLMo-1B,Yi-34B,RNAformer,Fugatto 1,EGRU (PTB),MLDD3UTRmRRNAS,FragLlama,Jaeger,ProtSSN,CoPRA,ProTrek,ProtT3,InstructPLM,GroundingGPT,Uni-RNA-L8,Uni-RNA-L12,ESM-GearNet,Hybrid H3-125M,Hybrid H3-355M,Hybrid H3-1.3B,GearNet,EGRU (WT2),MGK 8 heads (small),S4,Prithvi WxC,InternViT-6B,Vega v2,OmniFusion-7B (InternViT-6B-448px V1-2),EPInformer,DRGN-AI,ProCALM (Uniref9B),PocketFlow,VILA1.5-7B,VILA1.5-13B,Oryx 7B ,Pyramid Flow,FlexSBDD,PocketGen,IgGM,RNAdiffusion,AMPLIFY,Alphaflow,ESMFlow,ProRNA3D-Single,FoldFlow2,SaProt,ESM-AA,OREAL 7B,OREAL 32B,DeepSeek-VL-7B
,DeepSeek-VL-1.3B,ProstT5,RiNALMo,PTM-Mamba,Protllm,DecompDiff,Re-Dock,DiscDiff,PLLaMa,FoldFlow,PoET,Genie-SCOPe (bio),DiffSBDD (CrossDocked),RNA-FM,Animate Anyone,Animate Anyone 2,SaudiTech,Prithvi-EO-2.0 300M,Prithvi-EO-2.0 600M,Lumina-Image-2.0",2025-06-06 18:27:43+00:00
Google TPU v4i,Google,TPU,2020-01-01,,,,,,138000000000000.0,,,,8000000000.0,614000000000.0,,,400.0,175.0,1055.0,,,,,7.0,,16000.0,https://ieeexplore.ieee.org/stamp/stamp.jsp?tp=&arnumber=9499913,,,2025-03-31 18:24:19+00:00
Baidu Kunlun K200,Kunlunxin Baidu,XPU,2020-01-01,,,16000000000000.0,64000000000000.0,,,64000000000000.0,256000000000000.0,,16000000000.0,512000000000.0,,,504.0,150.0,,,,,,14.0,,,,,,2025-04-11 17:52:23+00:00
NVIDIA Tesla V100S PCIe 32 GB,NVIDIA,GPU,2019-11-26,,8177000000000.0,16350000000000.0,32710000000000.0,,130000000000000.0,,,,32000000000.0,1130000000000.0,32000000000,100000000000,815.0,250.0,1245.0,1597.0,,4096.0,640.0,12.0,TSMC,21100.0,https://www.techpowerup.com/gpu-specs/tesla-v100s-pcie-32-gb.c3467,,"ConSERT,Megatron-BERT",2025-05-07 14:20:18+00:00
T-Head Hanguang 800,Alibaba,NPU,2019-09-25,,,,,,,205000000000000.0,825000000000000.0,,,,,,,276.0,,,,,,12.0,,,,,,2025-05-05 09:12:34+00:00
Huawei Ascend 910A,Huawei,GPU,2019-08-23,,,,256000000000000.0,,,,,,32000000000.0,1288000000000.0,,,,,,,,,,,,,https://www.sciencedirect.com/science/article/pii/S0743731524000480,,,2025-05-09 21:02:49+00:00
Huawei Ascend 910A Pro,Huawei,GPU,2019-08-23,,,,288000000000000.0,,,,,,32000000000.0,1288000000000.0,,,,,,,,,,,,,https://www.sciencedirect.com/science/article/pii/S0743731524000480,,,2025-05-09 21:02:50+00:00
Huawei Ascend 910A Premium,Huawei,GPU,2019-08-23,,,,320000000000000.0,,,,,,32000000000.0,1288000000000.0,,,,,,,,,,,,,,,,2025-05-09 21:02:51+00:00
Huawei Ascend 910,Huawei,GPU,2019-08-23,,,,256000000000000.0,,,,512000000000000.0,,,1288000000000.0,,,1228.0,310.0,,,,,,7.0,,,"https://old.hotchips.org/hc31/HC31_1.11_Huawei.Davinci.HengLiao_v4.0.pdf
https://cset.georgetown.edu/publication/pushing-the-limits-huaweis-ai-chip-tests-u-s-export-controls/",,"PanGu-α,CodeGeeX,PanGu-Σ,ERNIE 3.0 Titan",2025-05-05 08:54:08+00:00
Huawei Ascend 910 (320 TFLOPS),Huawei,GPU,2019-08-23,,,,320000000000000.0,,,,640000000000000.0,,,1288000000000.0,,,1228.0,310.0,,,,,,7.0,,,"https://old.hotchips.org/hc31/HC31_1.11_Huawei.Davinci.HengLiao_v4.0.pdf
https://cset.georgetown.edu/publication/pushing-the-limits-huaweis-ai-chip-tests-u-s-export-controls/",,,2025-05-05 08:58:12+00:00
Cambricon MLU270-F4,Cambricon,ASIC,2019-06-20,2080.0,,,,,,64000000000000.0,128000000000000.0,256000000000000.0,16000000000.0,102000000000.0,,,,150.0,,,,,,,,,,,,2025-04-22 21:40:36+00:00
Cambricon MLU270-S4,Cambricon,ASIC,2019-06-20,,,,,,,64000000000000.0,128000000000000.0,256000000000000.0,16000000000.0,102000000000.0,,,,70.0,,,,,,,,,,,,2025-04-11 18:00:20+00:00
Intel Habana GAUDI HL-205,Intel,,2019-06-18,,,,,,,,,,,,,,,300.0,,,,,,,,,https://www.new-techeurope.com/2019/06/18/habana-labs-announces-gaudi-ai-training-processor/,,,2025-05-09 20:39:54+00:00
Baidu Kunlun I,Kunlunxin Baidu,XPU,2019-01-01,,,16000000000000.0,64000000000000.0,,,64000000000000.0,256000000000000.0,,,512000000000.0,,,500.0,150.0,,,,,,14.0,,,,,,2025-04-11 17:52:23+00:00
NVIDIA Quadro RTX 4000,NVIDIA,GPU,2018-11-13,899.0,222500000000.0,7119000000000.0,14240000000000.0,,,,,,8000000000.0,416000000000.0,,,545.0,160.0,1005.0,1545.0,1625.0,256.0,288.0,12.0,TSMC,13600.0,https://www.techpowerup.com/gpu-specs/quadro-rtx-4000.c3336,https://videocardz.net/nvidia-quadro-rtx-4000,CaLM,2025-05-07 14:20:18+00:00
Huawei Ascend 310,Huawei,GPU,2018-10-10,,,,8000000000000.0,,,,16000000000000.0,,,51200000000.0,,,105.0,8.0,,,,,,12.0,,,https://old.hotchips.org/hc31/HC31_1.11_Huawei.Davinci.HengLiao_v4.0.pdf,,,2025-05-05 09:11:08+00:00
NVIDIA GeForce RTX 2080 Ti 11GB,NVIDIA,GPU,2018-09-20,999.0,420200000000.0,13450000000000.0,26900000000000.0,,113800000000000.0,,227700000000000.0,,11000000000.0,616000000000.0,,,754.0,250.0,1350.0,1545.0,1750.0,352.0,544.0,12.0,TSMC,18600.0,https://www.techpowerup.com/gpu-specs/geforce-rtx-2080-ti.c3305,,"YuYan 11B,DNABERT,EpiScan,Transformer-XL DeFINE (107M),$\infty$-former (SM),DEQ-Transformer (Post-LN) + Jacobian Regularisation,Memformer (4 encoder + 16 decoder),LSTM-3-layer+Gadam,TaLK Convolution",2025-05-07 14:20:18+00:00
NVIDIA Tesla T4,NVIDIA,GPU,2018-09-13,,254400000000.0,8141000000000.0,65129999999999.9,,,,,,16000000000.0,320000000000.0,,,545.0,70.0,585.0,1590.0,1250.0,256.0,320.0,12.0,TSMC,13600.0,https://www.techpowerup.com/gpu-specs/tesla-t4.c3316,,CLR_ESP,2025-05-07 14:20:18+00:00
NVIDIA Quadro RTX 6000,NVIDIA,GPU,2018-08-13,6300.0,509800000000.0,16309999999999.9,32620000000000.0,,,,,,24000000000.0,672000000000.0,,,754.0,260.0,1440.0,1770.0,1750.0,384.0,576.0,12.0,TSMC,18600.0,https://www.techpowerup.com/gpu-specs/quadro-rtx-6000.c3307,https://videocardz.net/nvidia-quadro-rtx-6000,Projected GAN,2025-05-07 14:20:18+00:00
NVIDIA Quadro RTX 5000,NVIDIA,GPU,2018-08-13,2300.0,348500000000.0,11150000000000.0,22300000000000.0,,,,,,16000000000.0,448000000000.0,,,545.0,230.0,1620.0,1815.0,1750.0,256.0,384.0,12.0,TSMC,13600.0,https://www.techpowerup.com/gpu-specs/quadro-rtx-5000.c3308,https://videocardz.net/nvidia-quadro-rtx-5000,ProteinBERT,2025-05-07 14:20:18+00:00
NVIDIA Quadro RTX 8000,NVIDIA,GPU,2018-08-13,,509800000000.0,16300000000000.0,32620000000000.0,,,,,,48000000000.0,672000000000.0,,,754.0,260.0,1395.0,1770.0,1750.0,384.0,576.0,12.0,TSMC,18600.0,https://www.techpowerup.com/gpu-specs/quadro-rtx-8000.c3306,,"PolyCoder,MiniGPT4 + LRV-Instruction,Verbatim Memory Transformer (108M)",2025-05-07 14:20:18+00:00
Google TPU v3,Google,TPU,2018-05-18,,,,,,123000000000000.0,,,,32000000000.0,900000000000.0,,,,220.0,,,,,,16.0,,,https://cloud.google.com/tpu/docs/system-architecture-tpu-vm,"https://www.techpowerup.com/gpu-specs/geforce-gtx-1080-ti.c2877#:~:text=The%20GeForce%20GTX%201080%20Ti,on%20GeForce%20GTX%201080%20Ti.","BigGAN-deep 512x512,MnasNet-A3,MnasNet-A1 + SSDLite,T5-3B,T5-11B,SimCLR,EfficientNetV2-XL,Denoising Diffusion Probabilistic Models (LSUN Bedroom),Meena,AlphaFold 2,CoAtNet,Big Transfer (BiT-L),Conformer + Wav2vec 2.0 + Noisy Student,ContextNet + Noisy Student,ALBERT,ViT-G/14 (LiT),ViT-G/14,AlphaStar,ByT5-XXL,Gopher (280B),LaMDA,ALIGN,GShard (dense),UnifiedQA,DiT-XL/2,AlphaFold-Multimer,Chinchilla,ProGen2-xlarge,Adaptive Agent,Instruct-GPT + Mind's Eye,PaLM-SayCan,ResNet-RS,ATLAS,Meta Pseudo Labels,GOAT,Switch,ProtT5-XXL,LongT5,SciBERT,AlphaGeometry,GBERT-Large,German ELECTRA Large,DALL-E mega,DALL-E mini,T0-XXL,ViT-Huge/14,ALBERT-xxlarge,Gato,Noisy Student (L2),ProtBERT-BFD,FLAN 137B,ProtT5-XXL-BFD,Hawk,Griffin,Tk-Instruct,Delphi,XLNet,GPT-J-6B,PaliGemma,Tulu V2 DPO 70B,AlphaTensor,GPT-2 (1.5B),ProtBERT-UniRef,Transformer-XL (257M),RFA-GATE-Gaussian-Stateful Big,Long-range sequence Compressive Transformers,Local Transformer (WT103),Big Transfer (BiT-M),ProGen2-base,AraGPT2-Mega,AraELECTRA,AraBERT LArge v2",2025-05-01 18:06:05+00:00
NVIDIA Tesla V100 DGXS 16 GB,NVIDIA,GPU,2018-03-27,,8100000000000.0,16200000000000.0,32400000000000.0,,125000000000000.0,,,,16000000000.0,897000000000.0,300000000000,100000000000,815.0,250.0,1354.0,1582.0,,,640.0,12.0,TSMC,21100.0,https://www.techpowerup.com/gpu-specs/tesla-v100-dgxs-16-gb.c3763,,"KataGo,CogView,DALL-E,Big Transformer for Back-Translation,Memformer (4 encoder + 16 decoder)",2025-05-07 14:20:18+00:00
NVIDIA Tesla V100 PCIe 32 GB,NVIDIA,GPU,2018-03-27,11458.0,7066000000000.0,14130000000000.0,28260000000000.0,,112000000000000.0,,,,32000000000.0,897000000000.0,32000000000,100000000000,815.0,250.0,1230.0,1380.0,,4096.0,640.0,12.0,TSMC,21100.0,https://www.techpowerup.com/gpu-specs/tesla-v100-pcie-32-gb.c3184,https://www.microway.com/hpc-tech-tips/nvidia-tesla-v100-price-analysis/,Retrieval-Augmented Generator,2025-05-07 14:20:18+00:00
NVIDIA Tesla V100 DGXS 32 GB,NVIDIA,GPU,2018-03-27,,7834000000000.0,15670000000000.0,31330000000000.0,,125000000000000.0,,,,32000000000.0,897000000000.0,300000000000,100000000000,815.0,250.0,1297.0,1530.0,,4096.0,640.0,12.0,TSMC,21100.0,https://www.techpowerup.com/gpu-specs/tesla-v100-dgxs-32-gb.c3186,,"Megatron-LM (8.3B),Rubik's cube ADR robot,GPT-3 175B (davinci),iGPT-XL,iGPT-L,wave2vec 2.0 LARGE,DLRM-2022,M6-T,DistilProtBert,ERNIE 3.0 Titan,Turing-NLG,MSA Transformer,XLM-RoBERTa,MedBERT,GPT-3 2.7B,GPT-3 6.7B,GPT-3 13B,GPT-3 Large,GPT-3 Medium,GPT-3 Small,GPT-3 XL,Uni-Mol Molecular Model,RoBERTa Large,ERNIE-RNA,PeTriBERT",2025-05-07 14:20:18+00:00
NVIDIA Tesla V100 SXM3 32 GB,NVIDIA,GPU,2018-03-27,,7834000000000.0,15670000000000.0,31330000000000.0,,125000000000000.0,,,,,898000000000.0,300000000000,100000000000,815.0,300.0,1290.0,,,,,12.0,TSMC,21100.0,,,,2025-05-09 07:21:40+00:00
NVIDIA Tesla V100 SXM2 32 GB,NVIDIA,GPU,2018-03-27,11458.0,7834000000000.0,15670000000000.0,31330000000000.0,,125000000000000.0,,,,32000000000.0,898000000000.0,300000000000,100000000000,815.0,300.0,1290.0,1530.0,,4096.0,640.0,12.0,TSMC,21100.0,https://www.techpowerup.com/gpu-specs/tesla-v100-sxm2-32-gb.c3185,https://www.microway.com/hpc-tech-tips/nvidia-tesla-v100-price-analysis/,,2025-05-07 14:20:18+00:00
NVIDIA Titan V,NVIDIA,GPU,2017-12-01,2999.0,7450000000000.0,14900000000000.0,29800000000000.0,,,,,,12000000000.0,651000000000.0,,,815.0,250.0,1200.0,1455.0,848.0,3072.0,640.0,12.0,TSMC,21100.0,https://www.techpowerup.com/gpu-specs/titan-v.c3051,,"SeqVec,GPT2+CoreLM+Fine-Tuning,RGC+ASQ (PTB)",2025-05-07 14:20:18+00:00
NVIDIA Tesla V100 SXM2,NVIDIA,GPU,2017-07-01,11500.0,7800000000000.0,15670000000000.0,31330000000000.0,,125000000000000.0,,,,16000000000.0,897000000000.0,300000000000,100000000000,815.0,300.0,1312.0,1530.0,876.0,4096.0,640.0,12.0,TSMC,21100.0,"https://images.nvidia.com/content/technologies/volta/pdf/437317-Volta-V100-DS-NV-US-WEB.pdf
https://www.techpowerup.com/gpu-specs/tesla-v100-sxm2-16-gb.c3018
https://images.nvidia.com/content/technologies/volta/pdf/volta-v100-datasheet-update-us-1165301-r5.pdf",,"PAGnol-XL,FRED-T5-XL,ruGPT-3.5 13B",2025-05-07 14:20:18+00:00
NVIDIA Tesla V100 SXM2 16 GB,NVIDIA,GPU,2017-06-21,,7834000000000.0,15670000000000.0,31330000000000.0,,125000000000000.0,,,,,897000000000.0,300000000000,100000000000,815.0,300.0,1312.0,1530.0,,,,12.0,TSMC,21100.0,https://www.techpowerup.com/gpu-specs/tesla-v100-sxm2-16-gb.c3018,,,2025-05-09 07:20:51+00:00
NVIDIA Tesla V100 PCIe 16 GB,NVIDIA,GPU,2017-06-21,10664.0,7066000000000.0,14130000000000.0,28260000000000.0,,112000000000000.0,,,,16000000000.0,897000000000.0,32000000000,100000000000,815.0,250.0,1245.0,1380.0,,4096.0,640.0,12.0,TSMC,21100.0,https://www.techpowerup.com/gpu-specs/tesla-v100-pcie-16-gb.c2957,https://www.microway.com/hpc-tech-tips/nvidia-tesla-v100-price-analysis/,ASE,2025-05-07 14:20:18+00:00
NVIDIA V100,NVIDIA,GPU,2017-06-21,,7834000000000.0,15670000000000.0,31330000000000.0,,125000000000000.0,,,,,897000000000.0,300000000000,100000000000,815.0,300.0,,,,4096.0,640.0,12.0,TSMC,21100.0,"https://www.techpowerup.com/gpu-specs/tesla-v100-pcie-16-gb.c2957
https://www.techpowerup.com/gpu-specs/tesla-v100-pcie-32-gb.c3184
https://www.techpowerup.com/gpu-specs/tesla-v100-sxm2-16-gb.c3471
https://www.techpowerup.com/gpu-specs/tesla-v100-sxm2-16-gb.c3018
https://www.techpowerup.com/gpu-specs/tesla-v100-sxm2-32-gb.c3185
https://www.techpowerup.com/gpu-specs/tesla-v100-sxm3-32-gb.c3472
https://www.techpowerup.com/gpu-specs/tesla-v100s-pcie-32-gb.c3467",,"DARK,ProBERTa,DD-PPO,Diffusion-GAN,Projected GAN,ADM,WizardLM-7B,DETR,DDPM-IP (CelebA),SantaCoder,Persia,Incoder-6.7B,RedPajama-INCITE-7B-Base,CTM (CIFAR-10),Transformer + Simple Recurrent Unit,ImageBind,ESM1-670M (UR50/S),ESM1-670M (UR50/D),ESM1-670M (UR100),ESM1-85M,ESM1-43M,ESM1b,ESM1v,Rita-XLarge,ProteinLM,TAPE Transformer,VALL-E,MultiBand Diffusion,VALL-E X,Transformer (Adaptive Input Embeddings) WT103,LUKE,SeamlessM4T,Pangu-Weather,Kosmos-2,mBART-50,Detic,MegaMolBART,ViT + DINO,YOLOX-X,CamemBERT,ProxylessNAS,Once for All,CLIP (ViT L/14@336px),ESM2-15B,ERNIE 3.0,CPM-Large,ESM2-650M,DeBERTa,PIXART-α,DeiT-B,Theseus 6/768,CLUE,WeNet (Penn Treebank),PermuteFormer,RFdiffusion,DiffQ Transformer (16L),CODEFUSION (Python),TrOCR,PLATO-XL,SEER,MoLFormer-XL,Soccer Robot,CodonTransformer,ProteinSGM,FastSpeech,FastSpeech 2,ResNeXt-101 32x48d,GPT-2+Active-SGD (WT2),ProtRNA,ProtT3,mini-GPT-2+Active-AdamW,Monarch-GPT-2-Small,GPT-2-Small+Pixelfly,DITTO,Monarch-GPT-2-Medium,GPT-2-Medium+Pixelfly,GPT-2 (117M, SLW 110K),T2R 75% + Pretrain (WT-103),T2R + Pretrain,SRU++ Base,SRU++ Large only 2 attention layers (k=5) (WT103),Linear Transformer (small),Subformer (83M),Subformer (96M),Megatron-LM (2.5B),GPT-2 (1.5B, Curriculum Learning 45K),Adaptive Input Transformer + RD,T2R + Random Init,GLM-10B,SRU++ Large,Subformer (122M),DeLighT,GPT3-6.7B (rerun of original),TransformerXL + spectrum control,All-attention network + adaptive span,FAIRSEQ Adaptive Inputs,OPUS-Design,FABind,PMLM-large,HJRSS,WeNet (PTB),DreamerV3,QRNN,PepINVENT,ChemBERTa,ShapeMol,LM-GVP,Profile Prediction,SSA,GemNet-OC ,Dexterous In-Hand Manipulation [control policy]",2025-06-04 07:32:01+00:00
PEZY-SC2,PEZY,,2017-06-01,,4100000000000.0,8192000000000.0,16040000000000.0,,,,,,,102377186750.0,,,,180.0,,,,,,16.0,TSMC,,"https://archive.ph/yiqZG
https://en.wikichip.org/wiki/pezy/pezy-scx/pezy-sc2",,,2025-05-09 06:45:00+00:00
Google TPU v2,Google,TPU,2017-05-01,,,3000000000000.0,,,45000000000000.0,,,,16000000000.0,600000000000.0,,,,280.0,,,,,,16.0,,,https://dl.acm.org/doi/pdf/10.1145/3360307,,"AlphaZero,BERT-Large,Mesh-TensorFlow Transformer 4.9B (language),Mesh-TensorFlow Transformer 2.9B (translation),Soccer Robot,Transformer-XL + RelationLM,Transformer-XL + AutoDropout (PTB),AraBERT",2025-05-01 17:51:14+00:00
NVIDIA TITAN Xp,NVIDIA,GPU,2017-04-06,1199.0,379700000000.0,12150000000000.0,189800000000.0,,,,,,12000000000.0,548000000000.0,,,471.0,250.0,1405.0,1582.0,1426.0,384.0,,16.0,TSMC,11800.0,https://www.techpowerup.com/gpu-specs/titan-xp.c2948,,"DNA Fine-Tuned Language Model (DFLM),DensePhrases,Refined Part Pooling",2025-05-07 14:20:18+00:00
NVIDIA GeForce GTX 1080 Ti,NVIDIA,GPU,2017-03-10,699.0,354400000000.0,11340000000000.0,177200000000.0,,,,,,11000000000.0,484000000000.0,,,471.0,250.0,1481.0,1582.0,1376.0,352.0,,16.0,TSMC,11800.0,https://www.techpowerup.com/gpu-specs/geforce-gtx-1080-ti.c2877,https://www.techpowerup.com/gpu-specs/tesla-p100-pcie-16-gb.c2888,"Cross-lingual alignment,AlphaX-1,PeptideBERT,NAS+ESS (23M),Adaptive LSTM + DeFINE,Transformer-C,CT-MoS (WT2),NAS+ESS (156M),DARTS,ENAS,MEGNet (molecule model),MEGNet (crystal band gap model),MEGNet (crystal formation energy model),MEGNet (crystal elasticity model),GemNet-T (OC20)",2025-05-12 14:33:54+00:00
NVIDIA Quadro P600,NVIDIA,GPU,2017-02-07,178.0,37370000000.0,1196000000000.0,18680000000.0,,,,,,2000000000.0,64130000000.0,,,132.0,40.0,1329.0,1557.0,,128.0,,14.0,Samsung,3300.0,https://www.techpowerup.com/gpu-specs/quadro-p600.c2933,https://technical.city/en/video/GeForce-GTX-970-vs-Quadro-P600,GPT-1,2025-05-07 14:20:18+00:00
NVIDIA Quadro P4000,NVIDIA,GPU,2017-02-06,815.0,165800000000.0,5304000000000.0,82880000000.0,,,,,,8000000000.0,243400000000.0,,,314.0,105.0,1202.0,1480.0,1901.0,256.0,,16.0,TSMC,7200.0,https://www.techpowerup.com/gpu-specs/quadro-p4000.c2930,https://www.techpowerup.com/gpu-specs/quadro-p4000.c2930,,2025-05-07 14:20:18+00:00
MT-2000,National University of Defense Technology,,2017-01-01,,2460000000000.0,4920000000000.0,,,,,,,,153652000000.0,,,,240.0,,,,,,,,,https://archive.ph/CdMwe,,,2025-05-05 09:20:04+00:00
NVIDIA Quadro P5000,NVIDIA,GPU,2016-10-01,2499.0,277300000000.0,8873000000000.0,138600000000.0,,,,,,16000000000.0,288000000000.0,,,314.0,180.0,1607.0,1733.0,1127.0,256.0,,16.0,TSMC,7200.0,https://www.techpowerup.com/gpu-specs/quadro-p5000.c2864,https://www.techpowerup.com/gpu-specs/quadro-p5000.c2864,,2025-05-07 14:20:18+00:00
NVIDIA Quadro P6000,NVIDIA,GPU,2016-10-01,5999.0,394800000000.0,12630000000000.0,197400000000.0,,,,,,24000000000.0,433000000000.0,,,471.0,250.0,1506.0,1645.0,1127.0,384.0,,16.0,TSMC,11800.0,https://www.techpowerup.com/gpu-specs/quadro-p6000.c2865,https://www.techpowerup.com/gpu-specs/quadro-p6000.c2865,,2025-05-07 14:20:18+00:00
NVIDIA P40,NVIDIA,GPU,2016-09-13,5699.0,367400000000.0,11760000000000.0,183700000000.0,,,,,,24000000000.0,694300000000.0,,,471.0,250.0,1303.0,1531.0,1808.0,384.0,,,,11800.0,https://www.techpowerup.com/gpu-specs/tesla-p40.c2878,https://www.techpowerup.com/gpu-specs/tesla-p40.c2878,"Tensorized Transformer (OBW),Tensorized Transformer (PTB),Tensorized Transformer (large PTB),Tensorized Transformer (W103),Tensorized Transformer (257M)",2025-04-14 17:14:07+00:00
NVIDIA Tesla P4,NVIDIA,GPU,2016-09-13,,178200000000.0,5704000000000.0,89120000000.0,,,,22000000000000.0,,8000000000.0,192300000000.0,,,314.0,75.0,886.0,1114.0,1502.0,256.0,,16.0,TSMC,7200.0,https://www.techpowerup.com/gpu-specs/tesla-p4.c2879,,,2025-05-07 14:20:18+00:00
NVIDIA Tesla P100 PCIe 16GB,NVIDIA,GPU,2016-06-20,,4763000000000.0,9526000000000.0,19050000000000.0,,,,,,,732200000000.0,,,610.0,250.0,1190.0,,,,,16.0,TSMC,15300.0,https://www.techpowerup.com/gpu-specs/tesla-p100-pcie-16-gb.c2888,,"RNN + char2-MS-vec,RNN + char3-MS-vec,RNN + char4-MS-vec",2025-05-09 07:23:30+00:00
NVIDIA Tesla P100 PCIe 12GB,NVIDIA,GPU,2016-06-20,,4763000000000.0,9526000000000.0,19050000000000.0,,,,,,,549100000000.0,,,610.0,250.0,1190.0,,,,,16.0,TSMC,15300.0,https://www.techpowerup.com/gpu-specs/tesla-p100-pcie-12-gb.c2915,,,2025-05-09 07:23:50+00:00
NVIDIA P100 PCIe 16GB,NVIDIA,GPU,2016-06-20,,4700000000000.0,9560000000000.0,19100000000000.0,,,,,,16000000000.0,732000000000.0,,,610.0,250.0,1190.0,1329.0,715.0,4096.0,,16.0,TSMC,15300.0,https://www.techpowerup.com/gpu-specs/tesla-p100-pcie-16-gb.c2888,,,2025-05-07 14:20:18+00:00
NVIDIA GeForce GTX 1080,NVIDIA,GPU,2016-05-27,599.0,277300000000.0,8873000000000.0,138600000000.0,,,,,,8000000000.0,320300000000.0,,,314.0,180.0,1607.0,1733.0,,256.0,,16.0,TSMC,7200.0,https://www.techpowerup.com/gpu-specs/geforce-gtx-1080.c2839,,"SEST,CT-MoS (PTB),CT-MoS + DynamicEval (PTB),AWD-LSTM + DeFINE",2025-05-07 14:20:18+00:00
NVIDIA Tesla P100 SXM2,NVIDIA,GPU,2016-04-05,,5304000000000.0,10610000000000.0,21220000000000.0,,,,,,,,,,610.0,300.0,1328.0,,,,,16.0,TSMC,15300.0,,,,2025-05-07 14:20:18+00:00
NVIDIA P100,NVIDIA,GPU,2016-04-05,5699.0,4700000000000.0,9300000000000.0,18700000000000.0,,,,,,16000000000.0,732000000000.0,,,,250.0,,,,,,16.0,TSMC,,https://images.nvidia.com/content/tesla/pdf/nvidia-tesla-p100-PCIe-datasheet.pdf,"https://www.hardwarezone.com.sg/tech-news-nvidia-dgx-a100-supercomputer-super-performance-fight-covid-19#:~:text=The%20new%20DGX%20A100%20costs,has%20a%20height%20of%20444mm.","Transformer,IMPALA,ProteinGAN,RNMT+,LSTM (Hebbian, Cache, MbPA),QT-Opt,HiPPO-LegS,OpenAI Five,OpenAI Five Rerun,GPT-2+Active-SGD (WT2),mini-GPT-2+Active-AdamW,RoBERTa (PFAM)",2025-05-07 14:20:18+00:00
NVIDIA Tesla P100 DGXS,NVIDIA,GPU,2016-04-05,,5304000000000.0,10610000000000.0,21220000000000.0,,,,,,,,,,610.0,300.0,1328.0,,,,,16.0,TSMC,15300.0,,,,2025-05-07 14:20:18+00:00
NVIDIA M40,NVIDIA,GPU,2015-11-10,10799.0,213500000000.0,6832000000000.0,,,,,,,12000000000.0,288000000000.0,,,601.0,250.0,948.0,1112.0,1502.0,384.0,,,,8000.0,https://www.techpowerup.com/gpu-specs/tesla-m40.c2771,https://texas.gs.shi.com/product/32445647/NVIDIA-Tesla-M40-GPU-computing-processor,"YOLOv3,RetinaNet-R101,MemoReader,ConvS2S (ensemble of 8 models)",2024-08-29 15:09:50+00:00
NVIDIA TESLA M60,NVIDIA,GPU,2015-08-30,,301600000000.0,9650000000000.0,,,,,,,16000000000.0,320800000000.0,,,398.0,300.0,557.0,1178.0,1253.0,512.0,,28.0,TSMC,5200.0,https://www.techpowerup.com/gpu-specs/tesla-m60.c2760,,,2025-05-07 14:20:18+00:00
NVIDIA Quadro M4000,NVIDIA,GPU,2015-06-29,,80390000000.0,2573000000000.0,,,,,,,8000000000.0,192000000000.0,,,398.0,120.0,773.0,,1502.0,256.0,,28.0,TSMC,5200.0,https://www.techpowerup.com/gpu-specs/quadro-m4000.c2757,,,2025-05-07 14:20:18+00:00
Google TPU v1,Google,TPU,2015-05-15,,,,,,,,92000000000000.0,,8589934592.0,34000000000.0,,,331.0,75.0,700.0,,,,,28.0,,,https://ieeexplore.ieee.org/stamp/stamp.jsp?tp=&arnumber=9499913,,"AlphaGo Master,AlphaGo Zero,AlphaZero",2025-02-21 09:29:19+00:00
NVIDIA GeForce GTX TITAN X,NVIDIA,GPU,2015-03-17,999.0,209100000000.0,6691000000000.0,,,,,,,12000000000.0,336600000000.0,,,601.0,250.0,1000.0,1089.0,1753.0,384.0,,28.0,TSMC,8000.0,https://www.techpowerup.com/gpu-specs/geforce-gtx-titan-x.c2632,,"DeepSpeech2 (English),YOLOv3,Mono3D++,BIDAF,PolyNet,GELU for CIFAR-10,SSD,Part-of-sentence tagging model,Named Entity Recognition model,Graph-based Semi-Supervised Learning (GSSL) Model on MNIST,SAF R-CNN",2025-05-07 14:20:18+00:00
NVIDIA Quadro K1200,NVIDIA,GPU,2015-01-28,,35970000000.0,1151000000000.0,,,,,,,4000000000.0,80000000000.0,,,148.0,45.0,1058.0,1124.0,1250.0,128.0,,28.0,TSMC,1870.0,https://www.techpowerup.com/gpu-specs/quadro-k1200.c2641,,,2025-05-07 14:20:18+00:00
NVIDIA Tesla K80,NVIDIA,GPU,2014-11-17,5000.0,2742000000000.0,8126000000000.0,,,,,,,24000000000.0,241000000000.0,,,561.0,300.0,562.0,824.0,1253.0,768.0,,28.0,TSMC,7100.0,https://www.techpowerup.com/gpu-specs/tesla-k80.c2616; https://www.nvidia.com/content/dam/en-zz/Solutions/Data-Center/tesla-product-literature/TeslaK80-datasheet.pdf,https://www.anandtech.com/show/8729/nvidia-launches-tesla-k80-gk210-gpu,"GNMT,Xception,JFT,Big-Little Net,OR-WideResNet,UniRep,Fold2Seq,Cube-Space AutoEncoder,code2vec,MoLeR,Zoneout + Variational LSTM (WT2)",2025-05-07 14:20:18+00:00
NVIDIA GeForce GTX 980,NVIDIA,GPU,2014-09-19,549.0,155600000000.0,4981000000000.0,,,,,,,4000000000.0,224400000000.0,,,398.0,165.0,1127.0,1216.0,,256.0,,28.0,TSMC,5200.0,https://www.techpowerup.com/gpu-specs/geforce-gtx-980.c2621,,SimpleNet,2025-05-07 14:20:18+00:00
NVIDIA GTX Titan Black,NVIDIA,GPU,2014-02-18,999.0,1882000000000.0,5645000000000.0,,,,,,,6000000000.0,336000000000.0,,,561.0,250.0,889.0,980.0,1750.0,384.0,,,,7080.0,https://www.techpowerup.com/gpu-specs/geforce-gtx-titan-black.c2549,https://www.techpowerup.com/gpu-specs/geforce-gtx-titan-black.c2549,"VGG16,VGG-Face",2024-12-12 10:42:02+00:00
NVIDIA Tesla K40s,NVIDIA,GPU,2013-11-22,7699.0,1682000000000.0,5046000000000.0,,,,,,,12000000000.0,288000000000.0,,,561.0,245.0,745.0,876.0,1502.0,384.0,,28.0,TSMC,7080.0,https://www.techpowerup.com/gpu-specs/tesla-k40s.c2528,https://www.techpowerup.com/gpu-specs/tesla-k40s.c2528,"AmoebaNet-A (F=448),VDCNN (on Amazon Review Full dataset),BIG LSTM+CNN INPUTS ,10 LSTMS + KN-5 (OPTIMAL WEIGHTS),genCNN + dyn eval",2025-05-07 14:20:18+00:00
NVIDIA Tesla K40t,NVIDIA,GPU,2013-11-22,7699.0,1682000000000.0,5046000000000.0,,,,,,,12000000000.0,288400000000.0,,,561.0,245.0,745.0,876.0,,384.0,,28.0,TSMC,7080.0,https://www.techpowerup.com/gpu-specs/tesla-k40t.c3403,"https://www.techpowerup.com/gpu-specs/tesla-k40t.c3403#:~:text=Tesla%20K40t%20is%20connected%20to,launch%20was%207699%20US%20Dollars","MoE-Multi,MSRA (C, PReLU)",2025-05-07 14:20:18+00:00
NVIDIA Quadro K6000,NVIDIA,GPU,2013-07-23,5265.0,1732000000000.0,5196000000000.0,,,,,,,12000000000.0,288000000000.0,,,561.0,225.0,797.0,902.0,1502.0,384.0,,28.0,TSMC,7080.0,https://www.techpowerup.com/gpu-specs/quadro-k6000.c2426,https://www.techpowerup.com/gpu-specs/quadro-k6000.c2426,RNNsearch-50*,2025-05-07 14:20:18+00:00
NVIDIA GeForce GTX 780,NVIDIA,GPU,2013-05-23,649.0,173200000000.0,4156000000000.0,,,,,,,3000000000.0,288400000000.0,,,561.0,250.0,863.0,902.0,,384.0,,28.0,TSMC,7080.0,https://www.techpowerup.com/gpu-specs/geforce-gtx-780.c1701,,Fractional Max-Pooling,2025-05-07 14:20:18+00:00
NVIDIA Quadro K4000,NVIDIA,GPU,2013-03-01,1269.0,51840000000.0,1244000000000.0,,,,,,,3000000000.0,134800000000.0,,,221.0,80.0,810.0,,,192.0,,28.0,TSMC,2540.0,https://www.techpowerup.com/gpu-specs/quadro-k4000.c1841,https://videocardz.net/nvidia-quadro-k4000,Attend-Infer-Repeat,2025-05-07 14:20:18+00:00
NVIDIA GeForce GTX TITAN,NVIDIA,GPU,2013-02-19,999.0,1570000000000.0,4709000000000.0,,,,,,,6000000000.0,288400000000.0,,,561.0,250.0,836.0,876.0,,384.0,,28.0,TSMC,7080.0,https://www.techpowerup.com/gpu-specs/geforce-gtx-titan.c1996,,SPPNet,2025-05-07 14:20:18+00:00
NVIDIA Tesla K20c,NVIDIA,GPU,2012-11-12,3199.0,1170000000000.0,3520000000000.0,,,,,,,5000000000.0,208000000000.0,,,561.0,225.0,706.0,,1300.0,320.0,,28.0,TSMC,7080.0,https://www.techpowerup.com/gpu-specs/tesla-k20c.c564,,Large regularized LSTM,2025-05-07 14:20:18+00:00
NVIDIA Tesla K20X,NVIDIA,GPU,2012-11-12,7699.0,1312000000000.0,3935000000000.0,,,,,,,,,,,561.0,235.0,732.0,,,,,28.0,TSMC,7080.0,,https://archive.ph/Jxl43,OverFeat,2025-05-07 14:20:18+00:00
NVIDIA Tesla C2050,NVIDIA,GPU,2011-07-25,,513900000000.0,1028000000000.0,,,,,,,,,,,529.0,238.0,574.0,,,,,40.0,TSMC,3100.0,,,,2025-05-07 14:20:18+00:00
NVIDIA GeForce GTX 580,NVIDIA,GPU,2010-11-09,499.0,197600000000.0,1581000000000.0,,,,,,,1536000000.0,192400000000.0,,,520.0,244.0,772.0,1544.0,1002.0,384.0,,40.0,TSMC,3000.0,https://www.techpowerup.com/gpu-specs/geforce-gtx-580.c270,https://www.techpowerup.com/gpu-specs/geforce-gtx-580.c270,"Dropout (CIFAR),Dropout (ImageNet),Dropout (MNIST),Dropout (TIMIT),AlexNet,Visualizing CNNs,DNN EM segmentation,CNN Committee (NIST),CNN Committee (MNIST),High Performance CNN,CNN committee (traffic sign)",2025-05-07 14:20:18+00:00
NVIDIA GeForce GTX 280,NVIDIA,GPU,2008-06-16,649.0,77760000000.0,622100000000.0,,,,,,,1024000000.0,141100000000.0,,,576.0,236.0,602.0,,1107.0,512.0,,65.0,TSMC,1400.0,https://www.techpowerup.com/gpu-specs/geforce-gtx-280.c216,,6-layer MLP (MNIST),2025-05-07 14:20:18+00:00
AMD Instinct MI355X,AMD,GPU,,,,,2340000000000000.0,,,,,,288000000000.0,8000000000000.0,,,,,,,,,,3.0,TSMC,,"https://www.servethehome.com/amd-instinct-mi325x-launched-and-the-mi355x-is-coming/
https://www.tomshardware.com/tech-industry/artificial-intelligence/amd-reveals-core-specs-for-instinct-mi355x-cdna4-ai-accelerator-slated-for-shipping-in-the-second-half-of-2025",,,2025-05-20 15:30:29+00:00
Huawei Ascend 910B Pro,Huawei,GPU,,,,,280000000000000.0,,,,,,32000000000.0,1228000000000.0,,,,,,,1150.0,,,7.0,SMIC,,"https://cset.georgetown.edu/publication/pushing-the-limits-huaweis-ai-chip-tests-u-s-export-controls/#:~:text=Ascend%20910%20models%20range%20from,specially%20designed%20for%20AI%20operations",,,2025-05-07 14:20:18+00:00
Huawei Ascend 910B1 (v1),Huawei,GPU,,,,,400000000000000.0,,,,,,64000000000.0,1600000000000.0,,,,,,,1850.0,,,7.0,SMIC,,"https://cset.georgetown.edu/publication/pushing-the-limits-huaweis-ai-chip-tests-u-s-export-controls/#:~:text=Ascend%20910%20models%20range%20from,specially%20designed%20for%20AI%20operations",,,2025-05-07 14:20:18+00:00
Huawei Ascend 910B1 (v2),Huawei,GPU,,,,,,,,,,,64000000000.0,1600000000000.0,,,,,,,1850.0,,,7.0,SMIC,,"https://cset.georgetown.edu/publication/pushing-the-limits-huaweis-ai-chip-tests-u-s-export-controls/#:~:text=Ascend%20910%20models%20range%20from,specially%20designed%20for%20AI%20operations",,,2025-05-07 14:20:18+00:00
Huawei Ascend 910B2,Huawei,GPU,,,,,376000000000000.0,,,,,,64000000000.0,1600000000000.0,,,,,,,1800.0,,,7.0,SMIC,,"https://cset.georgetown.edu/publication/pushing-the-limits-huaweis-ai-chip-tests-u-s-export-controls/#:~:text=Ascend%20910%20models%20range%20from,specially%20designed%20for%20AI%20operations",,,2025-05-07 14:20:18+00:00
Huawei Ascend 910B3,Huawei,GPU,,,,,313000000000000.0,,,,,,64000000000.0,1600000000000.0,,,,,,,1800.0,,,7.0,SMIC,,"https://cset.georgetown.edu/publication/pushing-the-limits-huaweis-ai-chip-tests-u-s-export-controls/#:~:text=Ascend%20910%20models%20range%20from,specially%20designed%20for%20AI%20operations",,,2025-05-07 14:20:18+00:00
Huawei Ascend 910B4,Huawei,GPU,,,,72000000000000.0,280000000000000.0,,,,,,32000000000.0,800000000000.0,,,,,,,1650.0,,,7.0,SMIC,,"https://cset.georgetown.edu/publication/pushing-the-limits-huaweis-ai-chip-tests-u-s-export-controls/#:~:text=Ascend%20910%20models%20range%20from,specially%20designed%20for%20AI%20operations
https://perma.cc/9B7N-X5XT",,,2025-05-07 14:20:18+00:00
NVIDIA B300,NVIDIA,GPU,,,,,,,,,,,287500000000.0,,14400000000000,,,1750.0,,,,,,,TSMC,,https://resources.nvidia.com/en-us-dgx-systems/dgx-b300-datasheet,,,2025-06-10 21:52:10+00:00
NVIDIA GB300,NVIDIA,GPU,,,1389000000000.0,83333333333333.0,,1250000000000000.0,2500000000000000.0,,,,287500000000.0,,,,,1750.0,,,,,,,TSMC,,"https://resources.nvidia.com/en-us-dgx-systems/dgx-b300-datasheet
https://www.nvidia.com/en-us/data-center/gb300-nvl72/",,,2025-06-10 22:08:25+00:00
